,sequence
ASV_1,CACCGCGGTTATACGAGAGACCCTAGTTGATTGAAGCGGCGTAAAGAGTGGTTATGGAGTTTTCCCCTTTAAAGCAGAAAACCTCTCAAACTGTTATACGCACCCAGAGGTTGAAATCCCTCACACGAAAGTGACTTTATATTCGCCTACCAGAACCCACGAAAGCTGGGACA
ASV_2,CACCGCGGTTAAACGGGAGGCCCAAGTTGAAAGACAGCGGCGTAAAGCGTGGTTAAGGTACTATATTAAATAGGGCCGAATAGTCTCAAAGCAGTCAAATCTATTCGAGACCACGAAGCACATCCACGAAGGTGGCCCTAACACCCCTGACCCCACGAAAGCCATAACA
ASV_4,CACCGCGGTTATACGAGCGGCCCAAGTTGATAAAAATCGGCGTAAAGCGTGGTTAAAAAAATGTTTAAACTAGAGCCGAATAGCCTCAAAGCAGTTATACGCACTCGAGGCCACGAAGTACAATTACAAAAGTAGCTCTACCCCACTTTGACTCCACGAAAACCATAAAA
ASV_6,CACCGCGGTCATACGAGTGTTAGCCCAAGCAGATGGTCAACGGCGTAAAGAGTGGTTAGGGAACCCTGAAACTAAAGCTGAACGCCCGCAGGGCCGTTATACGCATCCGACAGCATGAAACCCCACCACGAAAGTGGCTTTAACCTGACCCGAACCCACGACAGCTAAGACA
ASV_7,CACCGCGGTTATACGAGAGGCCCAAGTTGATGATCACCGGCGTAAAGAGTGGTTACGGAAATACTTCACTAAAGCCGAACACCCTCCAGGCTGTCATACGCATCTGAGGCTACGAAGCTCTCCTACGAAAGTGGCTTTACTCCTCCCTGAACCCACGACAGCTATGAAA
ASV_9,CACCGCGGTTATACGAGAGGCCCAAGTTGACAACCACCGGCGTAAAGAGTGGTTATGGAAACACTATACTAAAGCCGAACACCCTCTAGGCTGTCATACGCACCTGAGGCTACGAAGCTCCCCCACGAAAGTGGCTTTATTCCTCCCTGAACCCACGACAGCTATGATA
ASV_11,CACCGCGGTCAAACGAGCTAGTGCCCGAGCAGATAACTAACGGCGTAAAGAGTGGTTAGGGAAACCCAAAACTAAAGCTGAACGCCCGCAGGGCTGTGATACGCATCCGACGGTACGAAACCCCACCACGAAAGTGACTTTAACCAACCCGAACCCACGATAGCCAGGATA
ASV_12,CACCGCGGTTATACGAGGGACCCTAGTTGATTTAATCGGCGTAAAGAGTGGTTATGGAGAATAAGAAACTAAAGCCGAAGACCTCTTAGGCCGTCATACGTACCTAGAGGCTCGAATAACAAACACGAAAGTAGCTTTACCCCTTCCTGCCAGAACCCACGAGAGCTGGGATA
ASV_15,CACCGCGGCTATACGAGAGACCCAAGTTGATACCATTCGGCGTAAAGAGTGGTTATGGAAAATAAAGACTAAAGCCGCACACCTTCAAAGCTGTTATACGCACCCGAAGGCCAGAAGCTCAACCACGAAGGTAGCTTTACAACCCCTGACCCCACGAAAGCTCTGGCA
ASV_16,CACCGCGGTTATACGAGAGGCCCAAGTTGATGACCACCGGCGTAAAGAGTGGTTACGGAAGCACTTCACTAAAGCCGAACAACCTCTTGGCTGTCATACGCACCTGAGGCTACGAAGATCCCCCACGAAAGTGGCTTTACCCCTCCCTGAACCCACGACAGCTATGATA
ASV_17,CACCGCGGTTATACGAGAGGCCCTAGTTGATTTAATCGGCGTAAAGAGTGGTTATGGAGAATAAGAAACTAAAGCCGAAGACCTCTTAGGCCGTCATACGTACCTAGAGGCTCGAATAACAAACACGAAAGTAGCTTTACCCCTTCCTGCCAGAACCCACGAGAGCTGGGATA
ASV_18,CACCGCGGTTATACGAGAGGCCTAAGTTGACAGACAGCGGCGTAAAGAGTGGTTAAGGAAAACACAAAACTAAAGCCGAACGCCTTCAGAACTGTCATACGTCTTCGAAGGTATGAAGCCCAACCACGAAAGTGGCTTTATCTCTCCTGAACCCACGAAAGCTAAGAAA
ASV_20,CACCGCGGTTATACGAGAGGCTCAAGTTGATAGACAGCGGCGTAAAGAGTGGTTAGGAAAAACACAAACTAAAGTCGAACGCTTCCATAGCTGTTATACGCACCCGAAAATATGAAGCCCAACTACGAAAGTAACTTTAAAATACCTGAATCCACGAAAGCTAGGGAA
ASV_21,CACCGCGGTTATACGAGGGACCCTAGTTGATTTAATCGGCGTAAAGAGTGGTTATGGAGAATAAGAAACTAAAGCCGAAGACCTCTTAGGCCGTCATACGTACCTAGAGGCTCGAATAACAAACACGAAAGTAGCTTTACCCCTTCCTGCCAGAACCCACGAAAGCTGGGATA
ASV_23,CACCGCGGCTATACGAGAGACCCAAGTTGATACCATTCGGCGTAAAGAGTGGTTATGGAAAATAAAGACTAAAGCCGCACACCTTCAAAGCTGTTATACGCATCCGAAGGCTAGAAGATCAACCACGAAGGTAGCTTTACAACCCCTGACCCCACGAAAGCTCCGGCA
ASV_26,CACCGCGGTCATACGAGTGTTAGCCCAAGCAGATGGTCAACGGCGTAAAGAGTGGTTAGGGAACCCTGAAACTAAAGCTGAACGCCTGCAGGGCCGTTATACGCATCCGACAGCATGAAACCCCACCACGAAAGTGGCTTTAACCTGACCCGAACCCACGACAGCTAAGACA
ASV_28,CACCGCGGCTATACGAGAGACCCAAGTTGATACCATTCGGCGTAAAGAGTGGTTATGGAAAATAAAGACTAAAGCCGCACACCTTCAAAGCTGTTATACGCATCCGAAGGTTAGAAGACCAACCACGAAGGTAGCTTTACAACCCCTGACCCCACGAAAGCTCTGGCA
ASV_30,CACCGCGGTTATACGAGAGGCTCAAGTTGACAGACAACGGCGTAAAGAGTGGTTAAGGAAAACATTTAACTAAAGCGGAACCCCCTCATTGCTGTTATACGCTTCCGAGGGAATGAACCCCAACTACGAAGGTGGCTTTATATTAACCTGAACCCACGAAAGCTAAGGAA
ASV_33,CACCGCGGTTATACGAGAGGCCCAAGTTGACAAACAACGGCGTAAAGAGTGGTTAGGGGATTTACTAAACTAGAGCTGAACGCTTTCAAAGCTGTTATACGCACCCGAAAGTATGAAACCCAATTACGAAAGTAGCTCTACCTGTCCTGAACCCACGAAAGCTAAGGAA
ASV_39,CACCGCGGTTATACGAGCAGCCCAAGCTGATAGTTGCCGGCGTAAAGCGTGGTTAAGGATTACAATATGACTAAAGCCGAACGCCCTCAAAGCTGTTATAAGCATCCGAAGGTACGAAGCACCCCCACGAAAGTGACTTTAAACCCCGCCTGACCCCACGAAAGCTACGTAA
ASV_42,CACCGCGGTTATACGAGAGACCCTAGTTGATTGAAGCGGCGTAAAGAGTGGTTATGGAGTTTTTCCCTTTAAAGCAGAAAACCTCTCAAACTGTTATACGCACCCAGAGGTTGAAATCCCTCACACGAAAGTGACTTTATATTCGCCTACCAGAACCCACGAAAGCTGGGACA
ASV_43,CACCGCGGCTATACGAGAGACCCAAGTTGATACCATTCGGCGTAAAGAGTGGTTATGGAAAATAAAGACTAAAGCCGCACACCTTCAAAGCTGTTATACGCATCCGAAGGCTAGAAGATCAACCACGAAGGTAGCTTTACAACCCCTGACCCCACGAAAGCTCTGGCA
ASV_44,CACCGCGGCTATACGAGAGACCCAAGTTGATACCATTCGGCGTAAAGAGTGGTTATGGAAAACAAAGACTAAAGCCGCACACCTTCAAAGCTGTTATACGCACCCGAAGGCTAGAAGATCAACCACGAAGGTAGCTTTACAACCCCTGACCCCACGAAAGCTCTGGCA
ASV_46,CACCGCGGTTATACGAGAGGCCCAAGTTGACAGACACCGGCGTAAAGCGTGGTTAAGGTATACCAAAACTAAAGCCGAACACCTTCAGGGCAGTTATACGCATCCGAAGGCACGAAGCCCCACCACGAAAGTGGCTTTATGAACCCTGACCCCACGAAAGCTATGACA
ASV_47,CACCGCGGTTATACGAGAGGCCCAAGTTGTTAGTCCTCGGCGTAAAGAGTGGTTAGGAACAGCCCAAATACTAAAGCCAAACACCTTCAAAGCTGTTATACGCTCTCGAAGACAAGAAGTTCAACAACGAAAGTGGCTTTAAATTTTCCGAACCCACGAAAGCTATGGTA
ASV_49,CACCGCGGTTATACGAGAGGCCCAAGTTGACAATCACCGGCGTAAAGCGTGGTTATGGAACTTGTAAAACTAAAGCCGAACACCCTCTAGGCTGTTATACGCATCTGAGACTACGAAGCTCCCCTACGAAAGTGACTTTATCCCTCCTGAACCCACGACAGCTATGGCA
ASV_50,CACCGCGGTTATACGAGAGGCCCAAGTAGATAGACACCGGCGTAAAGAGTGGTTAAGTTAAAACTCACACTAAAGCCAAACATCTTCAAGACTGTTATACGTAACCGAAGACCGGAAGTTCAACCACGAAAGTGGCTTTATTTGATCTGAACCCACGAAAGCTACGGCA
ASV_61,CACCGCGGTTATACGAGAGGCCCAAGTTGATAGACGCCGGCGTAAAGTGTGGTTAAGGAAAAATTTAAACTAAAGCCGAACGCCTTCAAGGCAGTCTGAATGCATTCGAAGGTACGAAGCCCCACCACGAAAGTGGCTTTATAAACCCTGATTCCACGAAAGCTAAGGAA
ASV_62,CACCGCGGTTATACGAGCGGCCCAAGTTGATAAAAATCGGCGTAAAGCGTGGTTAAAAAATGTTTAAACTAGAGCCGAATAGCCTCAAAGCAGTTATACGCACTCGAGGCCACGAAGTACAATTACGAAAGTAGCTCTACCCCACTTTGACTCCACGAAAACCATAAAA
ASV_63,CACCGCGGTTATACGAGAGGCCCAAGTTGATAGTCAACGGCGTAAAGAGTGGTTAGAAAGAACCTATTACTAAAGCCGAACGCCTTCAGAGCTGTTATACGCATCCGAAGGTGAGAAGCCCATCCACGAAAGTGGCTTTACAACTTTGAACCCACGAAAGCTACGGAA
ASV_65,CACCGCGGTTATACGATAGGCCCAAGTTGACAGACCCCGGCGTAAAGCGTGGTTAGGGAAAACTCAAAACTAAAGCCGAATATCTTCAGGGCAGTTATACGCTTCCGAAGACACGAAGCCCTTCCACGAAAGTGACTTTATTACCCCCGACCCCACGAAAGCTAGGACA
ASV_66,CACCGCGGTTATACGAGAGGCCCAAGTCAATAGCCCCCGGCGTAAAGAGTGGTTAGGATTACCCTAAACTAGAGCCCTACGCCCTCATGGCTGTTATACGCACCCGAGAGGCGGATGAACTCCCACGAAAGTGGCTTTAATTATACTGAACCCACGAGAGCTATAGAA
ASV_68,CACCGCGGCTATACGAGAGACCCAAGTTGATACCATTCGGCGTAAAGAGTGGTTATGGAAGATAAAGACTAAAGCCGCACACCTTCAAAGCTGTTATACGCATCCGAAGGCTAGAAGATCAACCACGAAAGTAGCTTTACAACCCCTGACCCCACGAAAGCTCTGGCA
ASV_73,CACCGCGGTTATACGAGAGACCCTAGTTGATTGAAGCGGCGTAAAGAGTGGTTATGGAGTTTTCCCCTTTAAAGCAGAAAACCTCTCAAACTGTTATACGCACCCAGAGGTTAAAATCCCTCACACGAAAGTGACTTTATATTCGCCTACCAGAACCCACGAAAGCTGGGACA
ASV_76,CACCGCGGTTATACGAGAGACCCTAGTTGATTGAAGCGGCGTAAAGAGTGGTTATGGAGTTTTCCCCTTTAAAGCAGAAAACCTCTCAAACTGTTATACGCACCCAGAGGTTGAAACCCCTCACACGAAAGTGACTTTATATTCGCCTACCAGAACCCACGAAAGCTGGGACA
ASV_78,CACCGCGGTTATACGAGAGGCTCAAGTTGATAGACAGCGGCGTAAAGAGTGGTTAGGGAAATATATAAACTAAAGTCGAACGCTTCCATAGCTGTTATACGCACCCGAAAACATGAAGCCCAACTACGAAAGTGACTTTAAAACACCTGAACCCACGAAAGCTAGGGAA
ASV_80,CACCGCGGTTATACGAGAGGCTCAAGTTGATAGACAGCGGCGTAAAGAGTGGTTAGGGAAATATATAAACTAAAGTCGAACGCTTCCATAGCTGTTATACGCACCCGAAAACATGAAGCCCAACTACGAAAGTGACTTTAAGACACCTGAACCCACGAAAGCTAGGGAA
ASV_85,CACCGCGGCTATACGAGAGGCCCAAGTTGATACCATTCGGCGTAAAGAGTGGTTATGGAAAATAAAGACTAAAGCCGCACACCTTCAAAGCTGTTATACGCATCCGAAGGTTAGAAGACCAACCACGAAGGTAGCTTTACAACCCCTGACCCCACGAAAGCTCTGGCA
ASV_87,CACCGCGGTTATACGAGAGACCCTAGTTGACTGAAGCGGCGTAAAGAGTGGTTATGGAGTTTTCCCCTTTAAAGCAGAAAACCTCTCAAACTGTTATACGCACCCAGAGGTTGAAATCCCTCACACGAAAGTGACTTTATATTCGCCTACCAGAACCCACGAAAGCTGGGACA
ASV_90,CACCGCGGTTATACGAGAGACCCTAGTTGATTGAAGCGGCGTAAAGAGTGGTTATGGAGTCTTCCCCTTTAAAGCAGAAAACCTCTCAAACTGTTATACGCACCCAGAGGTTGAAATCCCTCACACGAAAGTGACTTTATATTCGCCTACCAGAACCCACGAAAGCTGGGACA
ASV_92,CACCGCGGTTAAACGGGGGGCCCAAGTTGATAACAACGGCGTAAAGCGTAGTTAGGACAAAAATACAGATAGGGCCGATTACTCTCAGAGTAGTGAAATACATCCGAGACCAACAAGCACACCCACGAAAGTAGCCCTAATTTCTCTGACCCTACGAAAGCTATAGCA
ASV_94,CACCGCGGCTATACGAGAGACCCAAGTTGATACCATTCGGCGTAAAGAGTGGTTATGGAAAATAAAGACTAAAGCCGCACACCTTCAAAGCTGTTATACGCATCCGAAGGTTAGAAGATCAACCACGAAGGTAGCTTTACAACCCCTGACCCCACGAAAGCTCTGGCA
ASV_101,CACCGCGGTTATACGAGAGGCCCGAGTTGATAGACATTCGGCGTAAAGAGTGGTTAAGGAAAACTGAAACTAAAGCCGAACACCTTAATAGCAGTTATACGCCTATTAAAGCACGAAGCCCCACCACGAAAGTGGCTTTACAACCCTGACCCCACGAAAGCTATGATA
ASV_105,CACCGCGGTTATACGAGAGACCCTAGTTGATTGAAGCGGCGTAAAGAGTGGTTATGGAGTTTTCCCCTTTAAAGCAGAAAACCTCTCAAACTGTTATACGCACCCAGAGGTTGAAATCCCTCACACGAAAGTGACTTTATATCCGCCTACCAGAACCCACGAAAGCTGGGACA
ASV_109,CACCGCGGTTATACGAGAGGCCCAAGTTGAAAGACCCCGGCGTAAAGCGTGGTTAAGTTAAAATTTTACTAAAGTCGAACACCCTCACGGCTGTCATACGCACCCGGGGGTAAGAAGCTCAACCACGAAGGTAGCTTTACTTGTCTGAACCCACGAAAGCTACGGCA
ASV_118,CACCGCGGTTATACGAGAGACCCTAGTTGATTGAAGCGGCGTAAAGAGTGGTTATGGAGTTTCCCCCTTTAAAGCAGAAAACCTCTCAAACTGTTATACGCACCCAGAGGTTGAAATCCCTCACACGAAAGTGACTTTATATTCGCCTACCAGAACCCACGAAAGCTGGGACA
ASV_121,CACCGCGGTCATACGAGTGTTAGCCCAAGCAGATGGTCAACGGCGTAAAGAGTGGTTAGGGAACCCTAAAACTAAAGCTGAACGCCCGCAGGGCCGTTATACGCATCCGACAGCATGAAACCCCACCACGAAAGTGGCTTTAACCTGACCCGAACCCACGACAGCTAAGACA
ASV_125,CACCGCGGTTATACGAGAGGCCCTAGTTGATAACTACCGGCGTAAAGAGTGGTTATGGAAAGATATTTAATAAAGCCGAACACCCCCTCAGCCGTCATACGCACCTGGGAGCACGAAGACCTACCGCGAAAGCAGCTTTAATTACGCCTGACCCCACGACAGCTAAGAAA
ASV_129,TACCGCGGTTACACGAAAAGCCCCAGCTGATAGGCCCCGGCACAAAGGGTGGTTAAGGAAATCCCCCATAAAGCCAAACTTTTCCCCAGCTGTGGTACGCAGCCCACGAGCGAAGACCTCGACGAAAGTAACTTTATCCTACCTGAAGCCACTAAAGCTCGGACA
ASV_131,CACCGCGGTCATACGAGTGTTAGCCCAAGCAGATGGTCAACGGCGTAAAGAGTGGTTAGGGAACCCTGAGACTAAAGCTGAACGCCCGCAGGGCCGTTATACGCATCCGACAGCATGAAACCCCACCACGAAAGTGGCTTTAACCTGACCCGAACCCACGACAGCTAAGACA
ASV_139,CACCGCGGTCATACGAGTGTTAGCCCAAGCAGATGGTCAACGGCGTAAAGAGTGGTTAGGGAACCCTGAAACTAAAGCTGAACGCCCCCAGGGCCGTTATACGCATCCGACAGCATGAAACCCCACCACGAAAGTGGCTTTAACCTGACCCGAACCCACGACAGCTAAGACA
ASV_143,CACCGCGGTTATACGAGAGACCCTAGTTGATTGAAGCGGCGTAAAGAGTGGTTATGGAGTTTTCCCCTTTAAAGCAGAAAACCTCTCAAACTGTTATACGCACCCAGAGGTTGAAATCCCTCACACGAAAGTGACTTTATATTTGCCTACCAGAACCCACGAAAGCTGGGACA
ASV_144,CACCGCGGTTATACGAGAGGCCCTAGTTGATAACTACCGGCGTAAAGAGTGGTTATGGAAAAATATTTAATAAAGCCGAACACCCCCTCAGCCGTCATACGCACCTGGGGGCACGAAGACCTACTGCGAAAGCAGCTTTAATTACACCTGACCCCACGACAGCTAAGAAA
ASV_156,CACCGCGGTTATACGAGCGGCCCAAGTTGATAAAAATCGGCGTAAAGCGTGGTTAAAAAAATGTTTAAACTAGAGCCGAATAGCCTCAAAGCAGTTATACGCACTCGAAGCCACGAAGTACAATTACAAAAGTAGCTCTACCCCACTTTGACTCCACGAAAACCATAAAA
ASV_164,CACCGCGGTTATACGAGAGACCCTAGTTGATATACTCGGCGTAAAGAGTGGTTATGGAAAACAAGCACTAAAGCCAAAGAGCCCTCAGGCCGTTATACGCACCCGGGGCCTCGAGCCACTATCACGAAAGTAGCTTTACCCTCGCCCACCAGAACCCACGAGAGCTGGGACA
ASV_168,CACCGCGGTTATACGAGAGGCCCAAGTTGACAAACAACGGCGTAAAGAGTGGTTAGGGGATTTACTAAACTAGAGCCGAACGCTTTCAAAGCTGTTATACGCATCCGAAAGTATGAAACCCAATTACGAAAGTAGCTCTACACATCCTGAACCCACGAAAGCTAAGAAA
ASV_169,CGCCGCGGTTATACGAGCGACCCAAATTAATGAGATAACGGCGTAAAGAGTGTATAAGAAAAACCTTGTACTTATTAAAGTTAAAATGGTGCTTAACTGTTATACGTACCTGCACAAATGAAAAACAATTAAAAAAGAAACTTTATAAAAACAAGGCCTCTGAAAACACGATAGCTAAAAAA
ASV_175,CACCGCGGTTATACGAGAGACCCTAGTTGATTGAAGCGGCGTAAAGAGTGGTTATGGAGTTTTCCCCTTTAAAGCAGAAAACCTCTTAAACTGTTATACGCACCCAGAGGTTGAAATCCCTCACACGAAAGTGACTTTATATTCGCCTACCAGAACCCACGAAAGCTGGGACA
ASV_184,CACCGCGGTTATACGAGAGACCCTAGTTGATTGAAGCGGCGTAAAGAGTGGTTATGGAGTTTTCCCCTTTAAAGCAGAAAACCTCTCAAACTGTTATACGCACCCAGAGATTGAAATCCCTCACACGAAAGTGACTTTATATTCGCCTACCAGAACCCACGAAAGCTGGGACA
ASV_188,CACCGCGGTTATACGAGAGACCCTAGTTGATTGAAGCGGCGTAAAGAGTGGTTATGGAGTTTTCCCCTTTAAAGCAGAAAACCTCTCAAACTGTTATACGCACCCAGAGGTTGAAATCCCTCACACGAAAGTGGCTTTATATTCGCCTACCAGAACCCACGAAAGCTGGGACA
ASV_192,CACCGCGGTTATACGAGAGGCCCAAGCTGATAGTCTCCGGCGTAAAGAGTGGTTAAGACTGATTATAAACTAAAGCCGAAAGCCCTCAGAGCTGTCATACGCACTCGAGAGTAATAAGCCCAGCTACGAAAGTGGCTTTACAAAATCTGACCCCACGAAAGCTAGGGTA
ASV_198,CACCGCGGCTATACGAGAGACCCAAGTTGATACCATTCGGCGTAAAGAGTGGTTATGGAAAATAAAGACTAAAGCCGCACACCTTCAAAGCTGTTATACGCATCCGAAGGCTAGAAGATCAACTACGAAGGTAGCTTTACAACCCCTGACCCCACGAAAGCTCCGGCA
ASV_205,CACCGCGGTCAAACGAGCTAGTGCCCGAGCAGATAACTAACGGCGTAAAGAGTGGTTAAGGAAACCCAAAACTAAAGCTGAACGCCCGCAGGGCTGTGATACGCATCCGACGGTACGAAACCCCACCACGAAAGTGACTTTAACCAACCCGAACCCACGATAGCCAGGATA
ASV_210,CACCGCGGTTATACGAGAGACCCTAGTTGATTGAAGCGGCGTAAAGAGTGGTTATGGAGTTTTCCCCTTTAAAGCAGAAAACCTCTCAAACTGTTATACGCACCCAGAGGTTGAAATCCCTTACACGAAAGTGACTTTATATTCGCCTACCAGAACCCACGAAAGCTGGGACA
ASV_213,CACCGCGGTTATACGAGAGGCCCAAGTTGACAGACAGCGGCGTAAAGGGTGGTTAGGGGGTTGACCAAACTAAAGCCGAACGCTCTCAAAGCTGTTATATGCACCCGAGAGTATGAATCCCAATTACGAAAGTAGCTTTACTCACCCTGAACCCACGAAAGCTAAGGAA
ASV_218,CACCGCGGTTATACGGGAGACCCTAGTTGATTGAAGCGGCGTAAAGAGTGGTTATGGAGTTTTCCCCTTTAAAGCAGAAAACCTCTCAAACTGTTATACGCACCCAGAGGTTGAAATCCCTCACACGAAAGTGACTTTATATTCGCCTACCAGAACCCACGAAAGCTGGGACA
ASV_220,CACCGCGGTTATACGAGAGGCCCTAGTTGATTGAAGCGGCGTAAAGAGTGGTTATGGAGTTTTCCCCTTTAAAGCAGAAAACCTCTCAAACTGTTATACGCACCCAGAGGTTGAAATCCCTCACACGAAAGTGACTTTATATTCGCCTACCAGAACCCACGAAAGCTGGGACA
ASV_230,CACCGCGGTTATACGAGAGACCCAAGTTGACAGCCATCGGCGTAAAGAGTGGTTAGGGAATTTTCAAACTAAAGCCGAACACCCCCTAGGCTGTTATACGCACCTGGGAGTACGAAGCCCTCCAACGAAAGTGGCTTTACCCCCCTCCCCGAACCCACGACAGCTATGACA
ASV_237,CACCGCGGTTAGACGAGAGGCCTAAGTTGATAGCCACCGGCGTAAAGAGTGGTTAGGGATAAAATGAAAACTAAAGCCGAATATCCCCACAGCTGTTATACGCACCCGAAGATAAGAAGCCCCTACGAAAGTAGCTTTAATCCACCCGACTCCACGAAAGCTGTGAAA
ASV_242,CACCGCGGTTATACGAGAGACCCTAGTTGATTGAAGCGGCGTAAAGAGTGGTTATGGAGTTTTCCCCTTTAAAGCAGAAAACCTCTCAAGCTGTTATACGCACCCAGAGGTTGAAATCCCTCACACGAAAGTGACTTTATATTCGCCTACCAGAACCCACGAAAGCTGGGACA
ASV_244,CACCGCGGTTATACGAGAGACCCAAGTTGACAACCACCGGCGTAAAGAGTGGTTATGGAAACACTATACTAAAGCCGAACACCCTCTAGGCTGTCATACGCACCTGAGGCTACGAAGCTCCCCCACGAAAGTGGCTTTATTCCTCCCTGAACCCACGACAGCTATGATA
ASV_247,CACCGCGGTTATACGAGAGGCCCTAGTTGATTTAATCGGCGTAAAGAGTGGTTATGGAGAATAAGAAACTAAAGCCGAAGACCTCTTAGGCCGTCATACGTACCTAGAGGCTCGAATAACAAACACGAAAGTAGCTTTACCCCTTCCTGCCAGAACCCACGAAAGCTGGGATA
ASV_249,CACCGCGGTCATACGAGTGTTAGCCCAAGCAGATGGTCAACGGCGTAAAGAGTGGTTAGGGAACCCTGAAACTAAAGCTAAACGCCCGCAGGGCCGTTATACGCATCCGACAGCATGAAACCCCACCACGAAAGTGGCTTTAACCTGACCCGAACCCACGACAGCTAAGACA
ASV_256,CACCGCGGTTATACGAGAGGCCCAAGTTGACAACCACCGGCGTAAAGAGTGGTTATGGAGACACTATACTAAAGCCGAACACCCTCTAGGCTGTCATACGCACCTGAGGCTACGAAGCTCCCCCACGAAAGTGGCTTTATTCCTCCCTGAACCCACGACAGCTATGATA
ASV_272,CACCGCGGTTATACGAGAGGCCCAAGTTGACAACCACCGGCGTAAAGAGTGGTTATGGAAACACTATACTAAAGCCGAACACCCTCTAGGCTGTCATACGCACCTGAGGCTACGAAGCTCCCCCACGAAAGTGGCTTTACTCCTCCCTGAACCCACGACAGCTATGATA
ASV_280,CACCGCGGTCATACGATTGACCCAAATTAATAGGAACACGGCGTAAAGAGTGTTAAGGAGTCACATAAAATAAAGTCAAACCTTAATTAAGCTGTAAAAAGCCCTAATTAAAATTAAGCCAAACTACGAAAGTGACTTTAACATAACCTGATCACACGACAGCTAAGACC
ASV_281,CACCGCGGCTATACGAGAGACCCAAGTTGATACCATTCGGCGTAAAGAGTGGTTATGGAAAATAAAGACTAAAGCCGCACACCTTCAAAGCTGTTATACGCATCCGAAGACTAGAAGATCAACCACGAAAGTAGCTTTACAACCCCTGACCCCACGAAAGCTCTGGCA
ASV_287,CACCGCGGCTATACGAGAGACCCAAGTTGATACCATTCGGCGTAAAGAGTGGTTATGGAAAATAAAGACTAAAGCCGCACACCTTCAAAGCTGTTATACGCATCCGAAGGCTAGAAGACCAACCACGAAGGTAGCTTTACAACCCCTGACCCCACGAAAGCTCCGGCA
ASV_289,CACCGCGGTTATACGAGAGACCCTAGTTGATTGAGGCGGCGTAAAGAGTGGTTATGGAGTTTTCCCCTTTAAAGCAGAAAACCTCTCAAACTGTTATACGCACCCAGAGGTTGAAATCCCTCACACGAAAGTGACTTTATATTCGCCTACCAGAACCCACGAAAGCTGGGACA
ASV_294,CACCGCGGTCATACGAGTGTTAGCCCAAGCAGATGGTCAACGGCGTAAAGAGTGGTTAGGGAACCCTGAAACTAAAGCTGAACGCCTGCAGAGCCGTTATACGCATCCGACAGCATGAAACCCCACCACGAAAGTGGCTTTAACCTGACCCGAACCCACGACAGCTAAGACA
ASV_297,CACCGCGGTCATACGATTGACCCGAATTAATAGACACCCGGCGTAAAGAGTGTCAAGGAACAATATAAAAATAAAGTCAAACCTTAATTAAGCTGTAAAAAGCCATAATTAAAATTAAGTTAAACTACGAAAGTAACTTTACCATAAACTGAGTACACGACAACTAAGACC
ASV_308,CACCGCGGTTATACGAGAGGCCCAAGTTGACAACCACCGGCGTAAAGAGTGGTTATGGAAACACTATACTAAAGCCGAACACCCTCTAGGCTGTCATACGCACCTGAGGCTATGAAGCTCCCCCACGAAAGTGGCTTTATTCCTCCCTGAACCCACGACAGCTATGATA
ASV_316,CACCGCGGTCATACGAGTGTTAGCCCAAGCAGATGGTCAACGGCGTAAAGAGTGGTTAGGGGACCCTGAAACTAAAGCTGAACGCCTGCAAGGCCGTTATACGCATCCGACAGCATGAAACCCCACCACGAAAGTGGCTTTAACCTGACCCGAACCCACGACAGCTAAGACA
ASV_317,CACCGCGGTTATACGAGAGACCCTAGTTGATTGAAGCGGCGTAAAGAGTGGTTATGGAGTTTTCCCGTTTAAAGCAGAAAACCTCTCAAACTGTTATACGCACCCAGAGGTTGAAATCCCTCACACGAAAGTGACTTTATATTCGCCTACCAGAACCCACGAAAGCTGGGACA
ASV_321,CACCGCGGTCATACGAGTGTTAGCCCAAGCAGATGGTCAACGGCGTAAAGAGTGGTTAGGGAACCCTAGAACTAAAGCTGAACGCCCGCAGGGCCGTTATACGCATCCGACAGCATGAAACCCCACCACGAAAGTGGCTTTAACCTGACCCGAACCCACGACAGCTAAGACA
ASV_323,CGCCGCGGTTATACGAGCGACCCAAATTAATGAGATAACGGCGTAAAGAGTGTATAAGAAAAACCTTGCACTTATTAAAGTTAAAATGGTGCTTAACTGTTATACGCACCTGCACAAATGAAAAACAATTAAAAAAGAAACTTTATAAAAACAAGGCCTCTGAAAACACGATAGCTAAAAAA
ASV_327,CACCGCGGTCATACGATTGACCCAAATTAATAGGAACACGGCGTAAAGAGTGTTAAGGAGCCACATAAAATAAAGTCAAACCTTAATTAAGCTGTAAAAAGCCCTAATTAAAATTAAGCCAAACTACGAAAGTGACTTTAACATAACCTGATCACACGACAGCTAAGACC
ASV_352,CACCGCGGTTATACGAGAGACCCTAGTTGATTGAAGCGGCGTAAAGAGTGGTTATGGAGTTTTCCCCTTTAAAGCAGAAGACCTCTCAAACTGTTATACGCACCCAGAGGTTGAAATCCCTCACACGAAAGTGACTTTATATTCGCCTACCAGAACCCACGAAAGCTGGGACA
ASV_363,CACCGCGGTCATACGAGTGTTAGCCCAAGCAGATGGTCAACGGCGTAAAGAGTGGTTAGGGAACCCTGAAACTAAAGCTGAACGCCCGCAGGGCCGTTATACGCATCCGACAGCATGAAACCCCACCACGAAAGTGGCTTTAACCTAACCCGAACCCACGACAGCTAAGACA
ASV_385,CACCGCGGTCATACGAGTGTTAGCCCAAGCAGATGGTCAACGGCGTAAAGAGTGGTTAGGGAACCCTGAAACTAAAGCTGAACGCCCACAGGGCCGTTATACGCATCCGACAGCATGAAACCCCACCACGAAAGTGGCTTTAACCTGACCCGAACCCACGACAGCTAAGACA
ASV_400,CACCGCGGTTATACGAGCGGCCCAAGTTGATAAAAATCGGCGTAAAGCGTGGTTAAAAAAATGTTTAAACTAGAGCCGAATAGCCTCAAAGCAGTTATACGCACTCGAGGCCACGAAGTACAATTACAAAAGTAGCTCTACCCCACTTTGACTCAACGAAAACCATAAAA
ASV_407,CACCGCGGTTATACGAGGGACCCTAGTTGATTGAAGCGGCGTAAAGAGTGGTTATGGAGTTTTCCCCTTTAAAGCAGAAAACCTCTCAAACTGTTATACGCACCCAGAGGTTGAAATCCCTCACACGAAAGTGACTTTATATTCGCCTACCAGAACCCACGAAAGCTGGGACA
ASV_414,CACCGCGGTTATACGAGAGACCCAAGTTGACAGCCATCGGCGTAAAGAGTGGTTAGGGAATTTTCAAACTAAAGCCGAACACCCCCTAGGCTGTTATACGCACCTGGGAGTACGAAGTCCTCCAACGAAAGTGGCTTTACCCCCCCTCCCCGAACCCACGACAGCTATGACA
ASV_417,CACCGCGGTTATACGAGAGACCCTAGTTGATTGAAGCGGCGTAAAGAGTGGTTATGGAGTTTTCCCCTTTAAAGCAGAAAACCTCTCAAACTGTTATACGCACCCAGAGGTTGAAATCCCTCACACGAAAGTGACTTTATATTCGCCTACCAGAACCCACGAAAGCTAGGACA
ASV_421,CACCGCGGTTATACGAGAGACCCTAGTTGATTGAAGCGGCGTAAAGAGTGGTTATGGAGTTTTCCCCTTTAAAGCAGAAAACCTCTCAAACTGTTATACGCACCCAGAGGTTAAAATCCCTCACACGAAAGTGACTTTATATTCGCCTACCAGAACCCACGAAAGCTGGGGCA
ASV_432,CACCGCGGTCATACGAGTGTTAGCCCAAGTGGATGGTCAACGGCGTAAAGAGTGGTTAGGGATTCCCAGAACTAAAGCTGAACGCCCACAGGGCCGTTATACGCATCCGAGAGCATGAAACCCCGCCACGAAGGTGGCTTTAACCTAACCCGAACCCACGACAGCTAGGGCA
ASV_435,CACCGCGGTTATACGAAGGGCTCAAGTTGACGAACACCGGCGTAAAGCGTGGTTAAGGGCACAAACAACTAAAGCCGAACGTCCCCCCAGCTGTTACATGCCCCCGGAGGACTGAAGCACAACCACGAAAGTGGCTTTACCCCTTTCCTGAGCCCACGTTAACCAAGGAA
ASV_456,CACCGCGGTCATACGATTAACCCAAACTAACGGGCTCACGGCGTAAAGCGTGTAAAAGATCTACCTACACTAAAGTTAAAATTTAACCAAGCCGTAAAAAGCTGCCGTTAATACAAAATATACTACGAAAGTGACTTTAATAATTCTGATTACACGATAGCTAAGACC
ASV_459,TACCGCGGTTACACGAAAAGCCCCAGCTGATAGGCCCCGGCACAAAGGGTGGTTAAGGAAAACCCCCATAAAGCCAAACTTTTCCCCAGCTGTGGTACGCAGCCCACGAGCGAAGACCTCGACGAAAGTAACTTTATCCTACCTGAAGCCACTAAAGCTCGGACA
ASV_475,CACCGCGGTCATACGATTAACCCAAATTAATAGAAACACGGCGTAAAGAGTGTTAAGGAGTCTCATAGAATAAAGTCAAACCTTAATTAAGCTGTAAAAAGCCATAATTAAAATTAAGCCAAACTACGAAAGTGACTTTAATATGATCTGATCACACGACAGCTAAGATC
ASV_492,CACCGCGGTCAAACGAGTGTGCCCAAGTGGACAATCTACGGCGTAAGCGTGGTTAGGGAAACCCCACAACTAAAGTAGAACTAGCTCCGGGCTGTGATACGCACCCGACACTGTGAAACCTCACCACGAAAGTGACTTTAACAACACCTGAACCCACGAAAGCTGGGGAA
ASV_503,CACCGCGGTCATACGAGTGTTAGCCCAAGCAGATGGTCAACGGCGTAAAGAGTGGTTAGGGAACCCTGAAACTAAAGCTGAACGCCCGCAAAGCCGTTATACGCATCCGACAGCATGAAACCCCACCACGAAAGTGGCTTTAACCTGACCCGAACCCACGACAGCTAAGACA
ASV_510,CACCGCGGTCATACGATTGACCCGAATTAATAGAAATACGGCGTAAAGAGTGTTAAAGAATTATGTAAAATAAAGTTAAATCTTAATTAAGCTGTAGAAAGCCATAATTAAAACTAAACTAAACCACGAAAGTGACTTTAATCTAATCTGATTACACGACAGCTAAGATC
ASV_512,CACCGCGGTTATACGAGAGACCCTAGTTGATTGAAGCGGCGTAAAGAGTGGTTATGGAGTTTTCCCCTTTAGAGCAGAAAACCTCTCAAACTGTTATACGCACCCAGAGGTTGAAATCCCTCACACGAAAGTGACTTTATATTCGCCTACCAGAACCCACGAAAGCTGGGACA
ASV_513,CACCGCGGTTATACGAGAGGCCCGAGTTGACAACCACCGGCGTAAAGAGTGGTTATGGAAACACTATACTAAAGCCGAACACCCTCTAGGCTGTCATACGCACCTGAGGCTACGAAGCTCCCCCACGAAAGTGGCTTTATTCCTCCCTGAACCCACGACAGCTATGATA
ASV_516,CACCGCGGTTATACGAGAGGCCCAAGTTGACAACCACCGGCGTAAAGAGTGGTTACGGAAACACTATACTAAAGCCGAACACCCTCTAGGCTGTCATACGCACCTGAGGCTACGAAGCTCCCCCACGAAAGTGGCTTTATTCCTCCCTGAACCCACGACAGCTATGATA
ASV_525,CACCGCGGTTATACGAGGGGCCCAAGTTGACAACCACCGGCGTAAAGAGTGGTTATGGAAACACTATACTAAAGCCGAACACCCTCTAGGCTGTCATACGCACCTGAGGCTACGAAGCTCCCCCACGAAAGTGGCTTTATTCCTCCCTGAACCCACGACAGCTATGATA
ASV_530,CACCGCGGTTATACGAGAGGCTCAAGTTGATAGACAGCGGCGTAAAGAGTGGTTAGGGAGATATATAAACTAAAGTCGAACGCTTCCATAGCTGTTATACGCACCCGAAAACATGAAGCCCAACTACGAAAGTGACTTTAAAACACCTGAACCCACGAAAGCTAGGGAA
ASV_531,CACCGCGGTCATACGAGTGTAAGCCCAAGTGGATGGTCAACGGCGTAAAGTGTGGTTAGGGAAGCCCAATACTAAAGCTGAACGCCCACAGGGCTGTTATACGCATCCGAGAGCATGAAACCCCGCCACGAAGGTGGCTTTAACCTTACCCGAACCCACGACAGCTAGGGCA
ASV_533,CACCGCGGTTATACGAGCGGCCCAAGTTGATAAAAATCGGCGTAAAGCGTGGTTAAAAAAATGTTTAAACTAGAGCCGAATAGCCTCAAAGCAGTTATACGCACCCGAGGCCACGAAGTACAATTACAAAAGTAGCTCTACCCCACTTTGACTCCACGAAAACCATAAAA
ASV_544,CACCGCGGTTATACGAGAGACCCTAGTTGATTAAAGCGGCGTAAAGAGTGGTTATGGAGTTTTCCCCTTTAAAGCAGAAAACCTCTCAAACTGTTATACGCACCCAGAGGTTGAAATCCCTCACACGAAAGTGACTTTATATTCGCCTACCAGAACCCACGAAAGCTGGGACA
ASV_547,CACCGCGGTTATACGAGAGACCCTAGTTGATTGAAGCAGCGTAAAGAGTGGTTATGGAGTTTTCCCCTTTAAAGCAGAAAACCTCTCAAACTGTTATACGCACCCAGAGGTTGAAATCCCTCACACGAAAGTGACTTTATATTCGCCTACCAGAACCCACGAAAGCTGGGACA
ASV_560,CACCGCGGTCATACGAGTGTTAGCCCAAGCAGATGGTCAACGGCGTAAAGAGTGGTTAGGGAACCCTGAAACTAAAGCTGAACGCCCGCAGGGCCGTTATACGCATCCGACAGCACGAAACCCCACCACGAAAGTGGCTTTAACCTGACCCGAACCCACGACAGCTAAGACA
ASV_585,CACCGCGGTTATACGAGCGGCCCAAGTTGATAAAAATCGGCGTAAAGCGCGGTTAAAAAAATGTTTAAACTAGAGCCGAATAGCCTCAAAGCAGTTATACGCACTCGAGGCCACGAAGTACAATTACAAAAGTAGCTCTACCCCACTTTGACTCCACGAAAACCATAAAA
ASV_594,CACCGCGGTTATACGAGAGACCCTAGTTGATTGAAGCGGCGTAAAGAGTGGTTATGGAGTTTTCCCCTTTAAAGCAGAAAACCTCTCAAACTGTTATACGCACCCAGAGGTTGAAATCCCTCACACGAAAGTGACTTTATATTCGCCTACCAGAACCCACGAAAGCTAGGGTAG
ASV_600,CACCGCGGTCATACGAGTGTTAGCCCAAGCAGATGGTTAACGGCGTAAAGAGTGGTTAGGGAACCCTGAAACTAAAGCTAAACGCCCGCAGGGCCGTTATACGCATCCGACAGCATGAAACCCCACCACGAAAGTGGCTTTAACCTGACCCGAACCCACGACAGCTAAGACA
ASV_608,CACCGCGGTTATACGAGAGGCCCCAGTTGATAAACACGGCGTAAAGAGTGGTTAAGAATTATGCCGAACTAAAGCCGAAGGTCCCCTAAGCCGTCATACGCACCTGGGGATACGAAGCCCCATCACGAAAGTAGCTTTATTCAAGCCCGCCTGACCCCACGACAGCTAAGACA
ASV_617,CACCGCGGTTATACGAGAGGCCCAAGTTGATAGATGCCGGCGTAAAGTGTGGTTAAGGAAAAATTTAAACTAAAGCCGAACGCCTTCAAGGCAGTCTGAATGCATTCGAAGGTACGAAGCCCCACCACGAAAGTGGCTTTATAAACCCTGATTCCACGAAAGCTAAGGAA
ASV_626,CACCGCGGTTATACGAGGGGCTCAAGTTGATAGACAGCGGCGTAAAGAGTGGTTAGGAAAAACACAAACTAAAGTCGAACGCTTCCATAGCTGTTATACGCACCCGAAAATATGAAGCCCAACTACGAAAGTAACTTTAAAATACCTGAATCCACGAAAGCTAGGGAA
ASV_633,CACCGCGGTTATACGAGAGACCCTAGTTGATTGAAGCGGCGTAAAGAGTGGTTATGGAGTTTTCCCCTTTAAAGCAGAGAACCTCTCAAACTGTTATACGCACCCAGAGGTTGAAATCCCTCACACGAAAGTGACTTTATATTCGCCTACCAGAACCCACGAAAGCTGGGACA
ASV_641,CACCGCGGTTATACGAGAGACCCTAGTTGATTGAAGCGGCGTAAAGAGTGGTTATGGAGTTTTCCCCCTTAAAGCAGAAAACCTCTCAAACTGTTATACGCACCCAGAGGTTGAAATCCCTCACACGAAAGTGACTTTATATTCGCCTACCAGAACCCACGAAAGCTGGGACA
ASV_644,CACCGCGGTTATACGAGAGGCCCAAGTTGACAACCACCGGCGTAAAAAGTGGTTATGGAAACACTATACTAAAGCCGAACACCCTCTAGGCTGTCATACGCACCTGAGGCTACGAAGCTCCCCCACGAAAGTGGCTTTATTCCTCCCTGAACCCACGACAGCTATGACA
ASV_647,CACCGCGGTCATACGAGTGTAAGCCCAAGTGGATGGTCAACGGCGTAAAGTGTGGTTAGGGAAGCCCAATACTAAAGCTGAACGCCCACAGGGCCGTTATACGCATCCGAGAGCATGAAACCCCGCCACGAAGGTGGCTTTAACCTTACCCGAACCCACGACAGCTAGGGCA
ASV_652,CACCGCGGTCATACGAGTGTTAGCCCAAGCAGATGGTCAACGGCGTAAAGAGTGGTTAGGGGACCCTGAAACTAAAGCTGAACGCCCGCAGGGCCGTTATACGCATCCGACAGCATGAAACCCCACCACGAAAGTGGCTTTAACCTGACCCGAACCCACGACAGCTAAGACA
ASV_653,CACCGCGGTTATACGAGAGGCCCAAGTTGACAACCGCCGGCGTAAAGAGTGGTTATGGAAACACTATACTAAAGCCGAACACCCTCTAGGCTGTCATACGCACCTGAGGCTACGAAGCTCCCCCACGAAAGTGGCTTTATTCCTCCCTGAACCCACGACAGCTATGATA
ASV_656,CACCGCGGTTATACGAGCGGCCCAAGTTGATAAAAATCGGCGTAAAGCGTGGTTAAAAAAATGTTTAAACTAGAGCCGAATAGCCTCAAAGCAGTTATACGCACTCGAGGCCACGAAGTACAATTACAAAAGTAGCTCTACCCCACTTTGACTCCGCGAAAACCATAAAA
ASV_668,CACCGCGGTTATACGAGAGACCCTAGTTGATTGAAGCGGCGTAAAGAGTGGTTATGGAGTTTTCCCCTTTAAAGCAGAAAACCTCTCAAACTGTTATACGCACCCAGATGTTGAAATCCCTCACACGAAAGTGACTTTATATTCGCCTACCAGAACCCACGAAAGCTGGGACA
ASV_672,CACCGCGGTTATACGAGAGACCCTAGTTGATTGAAGCGGCGTAAAGAGTGGTTATGGAGTTTTCCCCTTTAAAGCAGAAAACCTCTCAAACTGTTATACGCACCCAGAGGTTGAAATTCCTCACACGAAAGTGACTTTATATTCGCCTACCAGAACCCACGAAAGCTGGGACA
ASV_674,CACCGCGGTTATACGAGCGGCCCAAGTTGATAAAAATCGGCGTAAAGCGTGGTTAAAAAAATGTTTAAACTAGGGCCGAATAGCCTCAAAGCAGTTATACGCACTCGAGGCCACGAAGTACAATTACAAAAGTAGCTCTACCCCACTTTGACTCCACGAAAACCATAAAA
ASV_678,CACCGCGGTCATACGATTGACCCAAATTAATAGACACCCGGCGTAAAGAGTGTCAAGGAAAAATATAAAAATAAAGTCAAACCTTAATTAAGCTGTAAAAAGCCATAATTAAAATTAAGTTAAACTACGAAAGTAACTTTACCATAAACTGAGTACACGACAACTAAGACC
ASV_692,CACCGCGGTTATACGAGAGACCCTAGTTGATTGAAGCGGCGTAAGGAGTGGTTATGGAGTTTTCCCCTTTAAAGCAGAAAACCTCTCAAACTGTTATACGCACCCAGAGGTTGAAATCCCTCACACGAAAGTGACTTTATATTCGCCTACCAGAACCCACGAAAGCTGGGACA
ASV_697,CACCGCGGCTATACGAGGGACCCAAGCTGATACCATTCGGCGTAAAGAGTGGTTATGGAAAATAAAGACTAAAGCCGCACACCTTCAAAGCTGTTATACGCATCCGAAGGCTAGAAGATCAACCACGAAGGTAGCTTTACAACCCCTGACCCCACGAAAGCCCTGGCA
ASV_700,CACCGCGGTTATACGAGAGGCCCAAGCGGATGGGGAACGGCGTAAAGAGTGGTTAGGGAAAACTTAGTACTAAAGCTAAACGCCTACAGAGCCGTTATACGCACCCGAAGGCATGAAAACCCCCCACGAAAGTGGCTTTAAACCCCCCGAACCCACGACAGCTTTGACA
ASV_721,CACCGCGGTTATACGAGAAACCCAAGTTGATTTTTTACGGCGTAAAGGGTGGTTAAGGGTAAGACAAAAATAAAGTTGAACGCCTTCAAAGCCGTTATAAGCATTCGACAGGCTGAAATCCACCTACGAAAGTGACTTTATTTTCCCCGACCCCACGAAAGCTAGCGAAA
ASV_747,CACCGCGGCTATACGAGAGACCCAAGTTGATACCATTCGGCGTAAAGAGTGGTTATGGAGAATAAAGACTAAAGCCGCACACCTTCAAAGCTGTTATACGCATCCGAAGGCTAGAAGATCAACCACGAAGGTAGCTTTACAACCCCTGACCCCACGAAAGCTCCGGCA
ASV_762,CACCGCGGTCATACGAGTGTTAGCCCAAGCAGATGGTCAACGGCGTAAAGAGTGGTTAGGGAATCCTGAAACTAAAGCTAAACGCCCGCAGGGCCGTTATACGCATCCGACAGCATGAAACCCCACCACGAAAGTGGCTTTAACCTGACCCGAACCCACGACAGCTAAGACA
ASV_768,CACCGCGGTTATACGAGTGGGCCCCAGTTGATACACACGGCGTAAAGAGTGGTTAAGGATTATGCCAAACTAAAGCCGAAGACCCCCTAAGCCGTCATACGCACCTAGGGGTACGAAGCCCTATCACGAAAGTAGCTTTATTCAAGCCCACCTGACCCCACGACAGCTGAGATA
ASV_772,CACCGCGGTTATACGAGAGGCCCAAGTTGATGACCACCGGCGTAAAGAGTGGTTACGGAAGCACTTCACTAAAGCCGAACAACCTCTTGGCTGTCATACGCACCTGAGGCCACGAAGATCCCCCACGAAAGTGGCTTTACCCCTCCCTGAACCCACGACAGCTATGATA
ASV_778,CACCGCGGTTATACGAGAGGCCCAAGTCGACAGCCTACGGCGTAAAGAGTGGTTAAGCAGCCCCCCCCCTAACTAAAGCCAAACGCCCCCAAAGCCGTTATACGCACTCCGAAGGGCAGAGGACTCCCCACGAAGGTGGCTTTAAACCAGCTGAACCCACGAAACCTATAGAA
ASV_783,CACCGCGGTTATACGAGAGACCCTAGTTGATTGAAGCGGCGTAAAGAGTGGTTATGGAGTTTTCCCCTTTAAAGCAGAAACCCTCTCAAACTGTTATACGCACCCAGAGGTTGAAATCCCTCACACGAAAGTGACTTTATATTCGCCTACCAGAACCCACGAAAGCTGGGACA
ASV_788,CACCGCGGTCATACGAGTGTTAGCCCAAGCAGATGGTCAACGGCGTAAAGAGTGGTTAGGGAACCCTCAAACTAAAGCTGAACGCCCGCAGGGCCGTTATACGCATCCGACAGCATGAAACCCCACCACGAAAGTGGCTTTAACCTGACCCGAACCCACGACAGCTAAGACA
ASV_792,CACCGCGGTTATACGAGAGGCCCAAGTTGACAATCACCGGCGTAAAGCGTGGTTATGGAATTTGTAAAACTAAAGCCGAACACCCTCTAGGCTGTTATACGCATCTGAGACTACGAAGCTCCCCTACGAAAGTGACTTTATTCCTCCTGAACCCACGACAGCTATGGCA
ASV_810,CACCGCGGTTATACGAGAGGCCCAAGTTGATGACCACCGGCGTAAAGAGTGGTTACGGAAGCACTTCACTAAAGCCGAACAACCTCTTGGCTGTCATACGCACCTGAGGCTACGAAGATCCCCCACGAAAGTGGCTTTACCCCTCCCCGAACCCACGACAGCTATGATA
ASV_832,CACCGCGGTCATACGAGTGTTAGCCCAAGTGGATGGTCAACGGCGTAAAGAGTGGTTAGGGATTCCCAGAACTAAAGCTGAACGCCCACAGGGCCGTTATACGCATCCGAGAGCATGAAACCCCGCCACGAAGGTGGCTTTAACCTAACCCGAACCCACGACAGCTAAGGCA
ASV_858,CACCGCGGCTATACGAGAGACCCAAGTTGATACCATTCGGCGTAAAGAGTGGTTATGGAAAATAAAGACTAAAGCCGCACACCTTCAAAGCTGTTATACGCATCCGAAGGCTAGAAGATCAACCACGAAGGTAGCTTTACAACCCCTGATCCCACGAAAGCTCCGGCA
ASV_865,CACCGCGGTCATACGAGTGTTAGCCCAAGCAGATGGTCAACGGCGTAAAGAGTGGTTAGGGAACCCTGAAACTAAAGCTGAACGCCCGCAGGGCCGTTATACGCATCCGACAGCATGAAGCCCCACCACGAAAGTGGCTTTAACCTGACCCGAACCCACGACAGCTAAGACA
ASV_871,CACCGCGGTTAAACGGGAGGCTCAAGTTGATAGACATCGGCGTAAAGCGTGGTTAAGGGCCCAACTTTTATACTAAAGCCGAACGCTCTTAGAGCAGTTATACGTACTGAGAGTAAGAAGATCAATTACGAAAGTAGCTTTACTCAAACCTGACCCCACGAAAGCTAAGGCA
ASV_873,CACCGCGGTTATACGAGAGACCCTAGTTGATTGAAGCGGCGTAAAGAGTGGTTATGGAGTTTTTCCCTTTAAAGCAGAAAACCTCTCAAACTGTTATACGCACCCAGAGGTTGAAATCCCTCACACGAAAGTGACTTTATATTCGCCTACCAGAACCCACGAAAGCTGGGACG
ASV_879,CACCGCGGTTATACGAGAGACCCTAGTTGATTGAAGCGGCGTAAAGAGTGGTTATGGAGTTTTTCCCTTTAAAGCAGAAAACCTCTCGAACTGTTATACGCACCCAGAGGTTGAAATCCCTCACACGAAAGTGACTTTATATTCGCCTACCAGAACCCACGAAAGCTGGGACA
ASV_883,CACCGCGGCTATACGAGAGAACCAAGTTGATACCATTCGGCGTAAAGAGTGGTTATGGAAAATAAAGACTAAAGCCGCACACCTTCAAAGCTGTTATACGCATCCGAAGGCTAGAAGATCAACCACGAAGGTAGCTTTACAACCCCTGACCCCACGAAAGCTCCGGCA
ASV_900,CACCGCGGTCATACGAGTGTTAGCCCAAGCAGACGGTCAACGGCGTAAAGAGTGGTTAGGGAACCCTGAAACTAAAGCTGAACGCCCGCAGGGCCGTTATACGCATCCGACAGCATGAAACCCCACCACGAAAGTGGCTTTAACCTGACCCGAACCCACGACAGCTAAGACA
ASV_901,CACCGCGGTTATACGAGAGGCTCAAGTTGATAGACAGCGGCGTAAAGAGTGGTTAGGAAAAACACAAACTAAAGTCGAACGCTTCCATAGCTGTTATACGCACCCGAAAATATGAAGCCCAACTACGAAAGTAACTTTAAAATACCTGAATCCACGAAAGCGAGGGAA
ASV_919,CACCGCGGTCATACGAGTGTTAGCCCAAGCAGATGGTCAACGGCGTAAAGAGTGGTTAGGGAACCCTGAAACTAAAGCTAAACGCCTGCAGGGCCGTTATACGCATCCGACAGCATGAAACCCCACCACGAAAGTGGCTTTAACCTGACCCGAACCCACGACAGCTAAGACA
ASV_932,CACCGCGGTCATACGAGTGTGCCCGAGTAGGCAGCCGGCGGCGTAAAGCGTGGTTAAGGAGAAACCCAACTAAAGATGAACCGCCCCCTGGCTGTTATACGCACCCGAGACTGTGAAACCCCACTACGAAAGTGACTTTAATCTGACCCGAACCCACGAAAGCTAAGGAA
ASV_950,CACCGCGGTTATACGAGAGACCCTAGTTGATTGAAGCGGCGTAAAGAGTGGTTATGGAGTTTTCCCCTTTAAAGCAGAAAACCTCTCAAACTGTTATACGCACCCAGAGGTTGAAATCCCTCACACGAAAGTGACTTTATATTCGCCTACCAGAACCCATGAAAGCTGGGACA
ASV_992,CACCGCGATTATACGAGAGGCCCAAGTCAATAGCCCCCGGCGTAAAGAGTGGTTAGGATTACCCTAAACTAGAGCCCTACGCCCTCATGGCTGTTATACGCACCCGAGAGGCGGATGAACTCCCACGAAAGTGGCTTTAATTATACTGAACCCACGAGAGCTATAAAA
ASV_998,CACCGCGGTCATACGAGTGTTAGCCCAAGCAGATGGTCAACGGCGTAAAGAGTGGTTAGGGGACCCTGAAACTAAAGCTGAACGCCTTCAGGGCCGTTATACGCATCCGACAGCATGAAACCCCACCACGAAAGTGGCTTTAACCTGACCCGAACCCACGACAGCTAAGACA
ASV_1002,CACCGCGGTTATACGAGAGACCCTAGTTGATTGAAGCGGCGTAAAGAGTGGTTATGGAGTTCTCCCCTTTAAAGCAGAAAACCTCTCAAACTGTTATACGCACCCAGAGGTTAAAATCCCTCACACGAAAGTGACTTTATATTCGCCTACCAGAACCCACGAAAGCTGGGACA
ASV_1003,CACCGCGGTTATACGAGAGGCCCCAGTTGATAAACACGGCGTAAAGAGTGGTTAAGAATTATGCCGAACTAAAGCCGAAGGTCCCCTAAGCCGTCATACGCACCTGGGGGTACGAAGCCCCATCACGAAAGTAGCTTTATTCAAGCCCGCCTGACCCCACGACAGCTAAGACA
ASV_1008,CACCGCGGTCAAACGAGCTAGTGCCCGAGCAGATAACTAACGGCGTAAAGAGTGGTTAGGGAGACCCAAAACTAAAGCTGAACGCCCGCAGGGCTGTGATACGCATCCGACGGTACGAAACCCCACCACGAAAGTGACTTTAACCAACCCGAACCCACGATAGCCAGGATA
ASV_1012,CACCGCGGTTATACGAGAGACCCTAGTTGATTGAAGCGGTGTAAAGAGTGGTTATGGAGTTTTCCCCTTTAAAGCAGAAAACCTCTCAAACTGTTATACGCACCCAGAGGTTGAAATCCCTCACACGAAAGTGACTTTATATTCGCCTACCAGAACCCACGAAAGCTGGGACA
ASV_1013,CACCGCGGTTATACGAGAGACCCTAGTTGATTGAAGCGGCGTAAAGAGTGGTTATGGAGTTTTCCCCTTTAAAGCAGAAAACCTCTCAAACTGTTATACGCACCCAGAGGTTGAAATCCCTCACACGAAAGTGACTTTATATTCGCCTACCAGAACCCACGGAAGCTGGGACA
ASV_1039,CACCGCGGTCATACAAGTGTTAGCCCAAGTGGACAATTACGGCGTAAAGCGTGGTTAGGGAACGCCCCCCACTAAAGAAGAACCTCCTCCCGGCCGTTATACGCACCCGACAGTATGAAACCCCACCACGAAAGTGACTTTAACCTAGCCTGAACCCACGAAAGCTGAGGAAA
ASV_1048,CACCGCGGTTATACAAGAGGCCCAAGTTGACAACCACCGGCGTAAAGAGTGGTTATGGAAACACTATACTAAAGCCGAACACCCTCTAGGCTGTCATACGCACCTGAGGCTACGAAGCTCCCCCACGAAAGTGGCTTTATTCCTCCCTGAACCCACGACAGCTATGATA
ASV_1057,CACCGCGGTTATACGAGAGGCCCAAGTTGAAAGACACCGGCGTAAAGCGTGGTTAAGTTAAAATTTAAACTAAAGTTAAACATCTTCAAGACTGTTATACGTATCCGAAGACAGGAGTCTCAATCACGAAAGTAACTTTATCTAAACTGAACCCACGAAAGCTACGGCA
ASV_1069,CGCCGCGGTTATACGAGCGACCCAAATTAATGAGATAACGGCGTAAAGAGTGTATAAGAAAAACCTTGTACTTATTAAAGCTAAAATGGTGCTTAACTGTTATACGTACCTGCACAAATGAAAAACAATTAAAAAAGAAACTTTATAAAAACAAGGCCTCTGAAAACACGATAGCTAAAAAA
ASV_1076,CACCGCGGTTATACGAGAGGCCCAAGTTGACAGACAACGGCGCAAAGGGTGGTTAGGGGAACAAACTAAACTAGAGCTAAACGCTTTCAGAGCTGTTATACGCACCCGAAAGTATGAAACCCAACTACGAAAGTAGCTCTATTAACCCTGAACCCACGAAAGCTAAGAAA
ASV_1088,CACCGCGGTTATACGAGAGACCCAAGTTGACAGCCATCGGCGTAAAGAGTGGTTAGGGAATTTTCAAACTAAAGCCGAACACCCCCTAGGCTGTTATACGCACCAGGGAGTACGAAGTCCTCCAACGAAAGTGGCTTTACCCCCCCTCCCCGAACCCACGACAGCTATGACA
ASV_1090,CACCGCGGTTATACGAGAGACCCTAGTTGATTGAAGCGGCGTAAAGAGTGGTTATGGAGTTTTCCCCTTTAAAGCAGAAAACCTCTCAAACTGTTATACGCACCCAGAGGTTGAAATCCCTCACACGAAAGTGACTTTATATTCACCTACCAGAACCCACGAAAGCTGGGACA
ASV_1095,CACCGCGGTTATACGAGAGACCCTAGTTGATTGAAGCGGCGTAAAGAGTGGTTATGGAGTTTTTCCCTTTAAAGCAGAAAACCTCTCAAACTGTTATACGCACCCAGAGGTTAAAATCCCTCACACGAAAGTGACTTTATATTCGCCTACCAGAACCCACGAAAGCTGGGACA
ASV_1123,CACCGCGGCTATACGAGAGACCCAAGTTGATACCATTCGGCGTAAAGAGTGGTTATGGAAAATAAAGACTAAAGCCGCACACCTTCAAAGCCGTTATACGCATCCGAAGGCTAGAAGATCAACCACGAAGGTAGCTTTACAACCCCTGACCCCACGAAAGCTCCGGCA
ASV_1151,CACCGCGGTCAAACGAGCTAGTGCCCGAGCAGATAACTAACGGCGTAAAGAGTGGTTAGGGAAACCCAAAACTAAAGCTGAACGCCCGCAGGGCTGTGATACGCATCCGACGGTACGAAACCCCACCACGAAAGTGACTTTAACCGACCCGAACCCACGATAGCCAGGATA
ASV_1165,CACCGCGGTTATACGAGAGGCCCAAGTTGATAGTCAACGGCGTAAAGAGTGGTTAGAATGAACCTATTACTAAAGCCGAACGCCTTCAGAGCTGTTATACGCATCCGAAGGTGAGAAGCCCATCCACGAAAGTGGCTTTACAACTTTGAACCCACGAAAGCTACGGAA
ASV_1184,CACCGCGGTCAAACGAGCTAGTGCCCAAGCAGATAACTAACGGCGTAAAGAGTGGTTAGGGAAACCCAAAACTAAAGCTGAACGCCCGCAGGGCTGTGATACGCATCCGACGGTACGAAACCCCACCACGAAAGTGACTTTAACCAACCCGAACCCACGATAGCCAGGATA
ASV_1193,CACCGCGGTTACACGTGAGACTCAAGTTGACAACCTCCGGCGTAAAGAGTGGTTAAGAGTAACAAGAACTAAAGCCGAACATCTCCCCAGCTGTTGCACGCTTACGAAGAAATGAAGCCCCATCACGAAAGTGGCTTTACTCCATCCGAACCCACGATAGCTAGAAAA
ASV_1196,CACCGCGGCTATACGAGAGACCCAAGTTGATACCATTCGGCGTAAAGAGTGGTTATGGAAAATAAAGACTAAAGCCGCACACCTTCAAAGCTGTTACACGCATCCGAAGGCTAGAGGATCAACCACGAAGGTAGCTTTACAACCCCTGACCCCACGAAAGCTCCGGCA
ASV_1206,CACCGCGGTCAAACGAGCTAGCGCCCGAGCAGATAACTAACGGCGTAAAGAGTGGTTAGGGAAACCCAAAACTAAAGCTGAACGCCCGCAGGGCTGTGATACGCATCCGACGGTACGAAACCCCACCACGAAAGTGACTTTAACCAACCCGAACCCACGATAGCCAGGATA
ASV_1210,CACCGCGGTTATACGAGCGGCCCAAGTTGATAAAAATCGGCGTAAAGCGTGGTTAAAAAATGTTTAAACTAGAGCCGAATAGCCTCAAAGCAGTTATACGCACTCGAGACCACGAAGTACAATTACGAAAGTAGCTCTACCCCACTTTGACTCCACGAAAACCATAAAA
ASV_1216,CACCGCGGCTATACGGGAGACCCAAGTTGATACCATTCGGCGTAAAGAGTGGTTATGGAAAATAAAGACTAAAGCCGCACACCTTCAAAGCTGTTATACGCATCCGAAGGCTAGAAGATCAACCACGAAGGTAGCTTTACAACCCCTGACCCCACGAAAGCTCCGGCA
ASV_1236,CACCGCGGTCATACGAGTGTTAGCCCAAGCAGATGGTCAACGGCGTAAAGAGTGGTTAGGGAACCCTGAACCTAAAGCTGAACGCCCCCAGGGCCGTTATACGCATCCGACAGCATGAAACCCCACCACGAAAGTGGCTTTAACCTGACCCGAACCCACGACAGCTAAGACA
ASV_1249,CACCGCGGCTATACGAGAGACCCAAGTTGATACCATTCGGCGTAAAGAGTGGTTATGGAAGATAAAGACTAAAGCCGCACACCTTCAAAGCTGTTATACGCATCCGAAGGCTAGAAGATCAACCACGAAGGTAGCTTTACAACCCCTGACCCCACGAAAGCTCCGGCA
ASV_1258,CACCGCGGTTATACGAGAGGCTCAAGTTGATAGACAGCGGCGTAAAGAGTGGTTAGGAAAAACACAAACTAAAGTCGAACGCTTCCATAGCTGTTATACGCACCCGAAAATATGAAGCCCAACTACGAAAGTAACTTTAAAATATCTGAATCCACGAAAGCTAGGGAA
ASV_1264,CACCGCGGTTATACGAGAGGCCCTAGTTGATAACTACCGGCGTAAAGAGTGGTTATGGAAAAAATATTTAATAAAGCCGAACACCCCCTCAGCCGTCATACGCACCTGGGAGCACGAAGACCTACTGCGAAAGCAGCTTTAACTATGCCTGACCCCACGACAGCTAAGAAA
ASV_1275,CACCGCGGTTATACGAGAGGCTCAAGTTGACAGACAACGGCGTAAAGAGTGGTTAAGGAAAACATTTAACTAAAGCGGAACCCCCTCATTGTTGTTATACGCTTCCGAGGGAATGAACCCCAACTACGAAGGTGGCTTTATATTAACCTGAACCCACGAAAGCTAAGGAA
ASV_1277,CACCGCGGTCATACGAGTGTTAGCCCAAGCAGATGGTCAACGGCGTAAAGAGTGGTTGGGGAACCCTGAAACTAAAGCTGAACGCCCGCAAAGCCGTTATACGCATCCGACAGCATGAAACCCCACCACGAAAGTGGCTTTAACCTGACCCGAACCCACGACAGCTAAGACA
ASV_1278,CACCGCGGCTATACGAGAGACCCAAGTTGATACCATTCGGCGTAAAGAGTGGTTATGGAAAATAAAGACTAAAGCCGCACACCTTCAAAGCTGTTATACGCATCCGAAGGCTAGAAGATCAACCACGAAGGTAGCTTTACAACCCCTGACCCCACGAAAGCTCCTGCA
ASV_1282,CACCGCGGTCATACGAGTGTTAGCCCAAGCAGATGGTCAACGGCGTAAAGAGTGGTTAGGGAACCCTGAAACTAAAGCTGAACGCCCGCAGGGCCGTTATACGCATCTGACAGCATGAAACCCCACCACGAAAGTGGCTTTAACCTGACCCGAACCCACGACAGCTAAGACA
ASV_1286,CACCGCGGTCATACGATTGACCCAAATTAATAGACACCCGGCGTAAAGAGTGTCGAGGAACAATATAAAAATAAAGTCAAGCCTTAATTAAGCTGTAAAAAGCCATAATTAAAATTAAGTTAAACTACGAAAGTAACTTTACCATAAACCGAGTACACGATAACTAAGACC
ASV_1304,CACCGCGGTTATACGAGAGGCCCAAGTTGATAGTCAACGGCGTAAAGAGTGGTTAGAAAGAACCTATTACTAAAGCCGAACGCCTTCAGAGCTGTTATACGCATCCGAAGGTGAGAAGCCCATCCACGAAAGTGGCTTTACAGCTTTGAGCCCACGAAAGCTACGGAA
ASV_1342,CACCGCGGTCATACGAGTGTTAGCCCAAGCAGATGGTCAACGGCGTAAAGAGTGGTTAGGGAACCCTGAAACTAAAGCTGAACGCCCGCAGGGCCGTTATACGCATCCGACAGCATGAAACCCCACCACGAAAGTGGCCTTAACCTGACCCGAACCCACGACAGCTAAGACA
ASV_1346,CACCGCGGTCATACGAGTGTTAGCCCAAGCAGATGATCAACGGCGTAAAGAGTGGTTAGGGAACCCTGAAACTAAAGCTGAACGCCTGCAGGGCCGTTATACGCATCCGACAGCATGAAACCCCACCACGAAAGTGGCTTTAACCTGACCCGAACCCACGACAGCTAAGACA
ASV_1368,CACCGCGGTCAAACGAGCTAGTGCCCGAGCAGATAACTAACGGCGTAAAGAGTGGTTAGGGAAACCCAAAACTAAAGCTGAACGCCCGCAGGGCTGTGATACGCATCCGACGGTACGAAACCCCAACACGAAAGTGACTTTAACCAACCCGAACCCACGATAGCCAGGATA
ASV_1376,CACCGCGGCTATACGAGAGACCCAAGTTGATACCATTCGGCGTAAAGAGTGGTTATGGAAAATAAAGACTAAAGCCGCACACCTTCAAAGCTGTTATACGCATCCGAAGGCTAGAAGATCAACCACGAAGGTAGCCTTACAACCCCTGACCCCACGAAAGCTCCGGCA
ASV_1385,CACCGCGGTTATACGAGAGACTCTAGTTGATTGAAGCGGCGTAAAGAGTGGTTATGGAGTTTTTCCCTTTAAAGCAGAAAACCTCTCAAACTGTTATACGCACCCAGAGGTTGAAATCCCTCACACGAAAGTGACTTTATATTCGCCTACCAGAACCCACGAAAGCTGGGACG
ASV_1390,CACCGCGGCTATACGAGAGAACCAAGTTGATACCACTCGGCGTAAAGAGTGGTTATGGAAAATAAAGACTAAAGCCGCACACCTTCAAAGCTGTTATACGCATCCGAAGGCTAGAAGATCAACCACGAAGGTAGCTTTACAACCCCTGACCCCACGAAAGCTCCGGCA
ASV_1400,CACCGCGGTCAAACGAGTGTGCCCAAGTGGACAATCTACGGCGTAAGCGTGGTTAGGGAAACCCCACAACTAAAGTAGAACTAGCTCCGGGCTGTGATACGCACCCGACACTGTGAAACCTCACCACGAAAGTGACTTTAACAACCCCTGAACCCACGAAAGCTGGGGAA
ASV_1401,CACCGCGGTCATACGATTAACCCAAATCAATAGGTCCTCGGCGTAAAGCGTGTTAAAAATTTAACTCACACTAAAGTTAAAAACTAACCAAGCCGTAAAAAGCTACCGTTAGCATAAAATAAGCTACGAAAGTGACTTTACTAGCCCTGACTACACGATAGCTAAGACC
ASV_1469,CACCGCGGTTATACGAGAGGCCCAAGTTGACAACCACCGGCGTAAAGAGTGGTTATGGAAACACTATACTAAAGCCGAACACCCTCTGGGCTGTCATACGCACCTGAGGCTACGAAGCTCCCCCACGAAAGTGGCTTTATTCCTCCCTGAACCCACGACAGCTATGATA
ASV_1475,CACCGCGGCTATACGAGAGACCCAAGTTGATACCATTCGGCGTAAAGAGAGGTTATGGAAAATAAAGACTAAAGCCGCACACCTTCAAAGCTGTTATACGCATCCGAAGGCTAGAAGATCAACCACGAAGGTAGCTTTACAACCCCTGACCCCACGAAAGCTCTGGCA
ASV_1480,CACCGCGGTTATACGGGAGGCTCAAGTTGATAGACAGCGGCGTAAAGAGTGGTTAGGAAAAACACAAACTAAGGTCGAACGCTTCCATAGCTGTTATACGCACCCGAAAATATGAAGCCCAACTACGAAAGTAACTTTAAAATACCTGAATCCACGAAAGCTAGGGAA
ASV_1481,CACCGCGGTCAAACGAGCTAGTGCCCGAGCAGATAACTAACGGCGTAAAGAGTGGTTAGGGAAACCCAAAACTAAAGCTGAACGCCCGCAGGGCTGTGATACGCATCCGACGGTACGAAACCCCACCACGAAAGTGACTTTAACCAACCCAAACCCACGATAGCCAGGATA
ASV_1482,CACCGCGGTCATACGATTGACCCAAATTAATAGAAATACGGCGTAAAGAGTGTTAAGGAGTCACATAAAATAAAGTCAAACCTTAATTAAGCTGTAAAAAGCCATAATTAAAACCAAGCTAGACTACGAAAGTGACTTTAATATAATCTGATTACACGATAGCTAAGGTC
ASV_1485,CACCGCGGTTATACGAGAGGCCCAAGTTGACAACCACCGGCGTAAAAAGTGGTTATGGAAACACTATACTAAAGCCGAACACCCTCTAGGCTGCCATACGCACCTGAGGCTACGAAGCTCCCCCACGAAAGTGGCTTTATTCCTCCCTGAACCCACGACAGCTATGACA
ASV_1487,CACCGCGGTTATACGAGAGACCCTAGTTGATTGAAGCGGCGTAAAGAGTGGTTATGCAGTTTTCCCCTTTAAAGCAGAAAACCTCTCAAACTGTTATACGCACCCAGAGGTTGAAATCCCTCACACGAAAGTGACTTTATATTCGCCTACCAGAACCCACGAAAGCTGGGACA
ASV_1505,CACCGCGGTCAAACGAGTGTGCCCAAGTGGACAATCTACGGCGTAAGCGTGGTTAGGGAAACCCAACAACTAAAGTAGAACTAGCTCCGGGCTGTGATACGCACCCGACACTGTGAAACCTCACCACGAAAGTGACTTTAACGACCCCTGAACCCACGAAAGCTGGGGAA
ASV_1522,CACCGCGGTTATACGAGTGACCCTTATTAATATTTTCCCGGCGTAAAGAGTGGTTTAAGAAAACCTTAAACAACTAAAGTTAAGACCTCATCAAGCCGTTATACGCTCTTATGAGAGGAATTATCAACAACGAAAGTGACTTTATAATATTAGAGACCTTGATGCCACGACAGTTGGGCCC
ASV_1529,CACCGCGGTCATACGAGTGTTAGCCCAAGCAGATGGTCAGCGGCGTAAAGAGTGGTTAGGGAACCCTGAAACTAAAGCTGAACGCCTGCAGGGCCGTTATACGCATCCGACAGCATGAAACCCCACCACGAAAGTGGCTTTAACCTGACCCGAACCCACGACAGCTAAGACA
ASV_1562,CACCGCGGTTATACGAGAGGCCCAAGTTGACAACCACCGGCGTAAAGAGTGGTTATGGAAACACTATACTAAAGCCGAACACCCTCTAGGCTGTCATACGCACCTGAGGCTACGAAGCCCCCCCACGAAAGTGGCTTTATTCCTCCCTGAACCCACGACAGCTATGATA
ASV_1574,CACCGCGGTTATACGAGAGGCCCAAGTTGATAGTCAACGGCGTAAAGAGTGGTTAGAATGAACCTATTACTAAAGCCGAACGCCTTCAGAGCTGTTATACGCATCCGAAGGTGAGAAGCCTATCCACGAAAGTGGCTTTACAACTTTGAACCCACGAAAGCTACGGAA
ASV_1611,CACCGCGGTTATACGAGAGGCCCAAGTTGATGACCACCGGCGTAAAGAGTGGTTACGGAAGCGCTTCACTAAAGCCGAACAACCTCTTGGCTGTCATACGCACCTGAGGCTACGAAGATCCCCCACGAAAGTGGCTTTACCCCTCCCTGAACCCACGACAGCTATGATA
ASV_1634,CACCGCGGTTATACGAGAGGCCCAAGTTGACAGCCACCGGCGTAAAGAGTGGTTATGGAAACACTATACTAAAGCCGAACACCCTCTAGGCTGTCATACGCACCTGAGGCTACGAAGCTCCCCCACGAAAGTGGCTTTATTCCTCCCTGAACCCACGACAGCTATGATA
ASV_1713,CACCGCGGCTATACGAGAGACCCAAGTTGATACCATTCGGCGTAAAGAGTGGTTATGGAAAATAAAGACTAAAGCCGCACACCTTCAAAGCTGTTATACGCATCCGAAGGCTAGAAGATCAACCACGAAGGTAGCTTTATAACCCCTGACCCCACGAAAGCTCCGGCA
ASV_1724,CACCGCGGTTATACGAGAGGCCCAAGTTGACAGCCCCCGGCGTAAAGCGTGGTTAAGGCATACTTTAAAACTAAAGCCGAATATCTTCAGAGCAGTTATACGCATCCGAAGACACGAAGCCCCACCACGAAAGTGGCTTTATGACACCTGATCCCACGAAAGCTAGGACA
ASV_1726,CACCGCGGTCATACGAGTGTTAGCCCAAGCAGATGGTCAACGGCGTAAAGAGTGGTTAGGGAACCCTGAAACTAAAGCTGAACGCCCGCAGGGCCGTTATACGCATCCGACAGCATGAAACCCCACCACGAAAGTGGCTTTAACCTGACCTGAACCCACGACAGCTAAGACA
ASV_1734,TACCGCGGTTATACGAGAGGCCCAAGTTGATAAGCATCGGCGTAAAGAGTGGTTATGGTTAAATAGATACTAAAGCTGAACACTTACAAAGCTGTTATACGCTCCCGAAAATAAGAAGTACAACTACGAGAGTGGCTTTATTACGCCTGAACCCACGAAAGCCAAGGCA
ASV_1769,CACCGCGGTTATACGAGAGGCCCAAGTTGACAACCACCGGCGTAAAGAGTGGTTATGGAGTTTTCCCCTTTAAAGCAGAAAACCTCTCAAACTGTTATACGCACCCAGAGGTTGAAATCCCTCACACGAAAGTGACTTTATATTCGCCTACCAGAACCCACGAAAGCTGGGACA
ASV_1784,CACCGCGGTTATACGAGAGGCCCAAGTTGACAAACAACGGCGTAAAGAGTGGTTAGGGGATTTACTAAACTAGAGCTGAACGCTTTCAAAGCTGTTATACGCACCCGAAAGTATGAAACCCAATTACGAAAGTAGCTCTACCTGTCCTGAACCCACGAAAGCTAAGGAT
ASV_1791,CACCGCGGTCATACGAGTGTTAGCCCAAGCAGATGGTCAACGGCGTAAAGAGTGGTTAGGGAACCCTGAAACTAAAGCTGAACGCCCGCAGGGCCGTTATACGCATCCGACAGCATGAAACCCCACCACGAAAGTGGCTTTAACCTGACCCGAGCCCACGACAGCTAAGACA
ASV_1795,CACCGCGGCTATACGAGAGACCCAAGTTGATACCATTCGGCGTAAAGAGTGGTTATGGAAAACAAAGACTAAAGCCGCACACCTTCAAAGCTGTTATACGCACCCGAAGGCTAGAAGATCAATCACGAAGGTAGCTTTACAACCCCTGACCCCACGAAAGCTCTGGCA
ASV_1797,CACCGCGGTTATACGAGAGACCCAAGTTGACGGCCATCGGCGTAAAGAGTGGTTAGGGAATTTTCAAACTAAAGCCGAACACCCCCTAGGCTGTTATACGCACCTGGGAGTACGAAGCCCTCCAACGAAAGTGGCTTTACCCCCCTCCCCGAACCCACGACAGCTATGACA
ASV_1808,CACCGCGGTCAAACGAGCTAGTGCCCGAGCAGATAACTAACGGCGTAAAGAGTGGTTAGGGAAACCCAAAACTAAAACTGAACGCCCGCAGGGCTGTGATACGCATCCGACGGTACGAAACCCCACCACGAAAGTGACTTTAACCAACCCGAACCCACGATAGCCAGGATA
ASV_1810,CACCGCGGTCATACGATTGACCCAAATTAATAGACACCCGGCGTAAAGAGTGTCAAAGAACGATATAAAAATAAAGTTAAGCCTTAATTAAGCTGTAAAAAGTCATAATTAAAACTAAGTTAAACTACGAAAGTAACTTTACCATAAACTGAGTACACGACAACTAAGATC
ASV_1816,CACCGCGGTTATACGAGAGACCCTAGTTGATTTAATCGGCGTAAAGAGTGGTTATGGAGAATAAGAAACTAAAGCCGAAGACCTCTTAGGCCGTCATACGTACCTAGAGGCTCGAATAACAAACACGAAAGTAGCTTTACCCCTTCCTGCCAGAACCCACGAGAGCTGGGATA
ASV_1821,CGCCGCGGTTATACGAGCGACCCAAATTAATGAGATAACGGCGTAAAGAGTGTATAAGAAAAACCTTGTACTTATTAAAGTTAAAATGGTGCTTAACTGTTATACGTACCCGCACAAATGAAAAACAATTAAAAAAGAAACTTTATAAAAACAAGGCCTCTGAAAACACGATAGCTAAAAAA
ASV_1844,CACCGCGGCTATACGAGAGACCCAAGTTGATACCATTCGGCGTAAAGAGTGGTTATGGAAAATAAAGACTAAAGCCGCACACCTTCAAAGCTGTTATACGCATCCGAAGGCTAGAAGATCAACCACGAAGGTAGCTTTACAACCCCTGACCCCACGAAAGCCCTGGCA
ASV_1846,CACCGCAGTCATACGAGTGTTAGCCCAAGTGGATGGTCAACGGCGTAAAGAGTGGTTAGGGATTCCCAGAACTAAAGCTGAACGCCCACAGGGCCGTTATACGCATCCGAGAGCATGAAACCCCGCCACGAAGGTGGCTTTAACCTAACCCGAACCCACGACAGCTAAGGCA
ASV_1861,CACCGCGGCTATACGAGGGACCCAAGCTGATACCATTCGGCGTAAAGAGTGGTTATGGAAAATAAAGACTAAAGCCGCACACCTTCAAAGCTGTTATACGCATCCGAAGGCTAGAAGATCAACCACGAAGGTAGCTTTACAACCCCTGACCCCACGAAAGCTCCGGCA
ASV_1874,CACCGCGGTTATACGAGCGGCCCAAGTTGATAAAAATCGGCGTAAAGCGTGGTTAAAAAAATGTTTAAACTAGAGCCGAATAGCCTCAAAGCAGTTATACGCACTCGAGGCCACGAAGTACAATTACAAAGGTAGCTCTACCCCACTTTGACTCCGCGAAAACCATAAAA
ASV_1882,CACCGCGGTTATACGAGAGGCCCAAGTTGACAACCACCGGCGTAAAGAGTGGTTATGGAAACACTATACTAAAGCCGAACACCCTCTAGGCTGTCATACGCACCTGAGGCTACGAAGCTCTCCCACGAAAGTGGCTTTATTCCTCCCTGAACCCACGACAGCTATGATA
ASV_1897,CACCGCGGTTATACGAGCGGCCCAAGTTGATAAAAATCGGCGTAAAGCGTGGTTAAAAAAATGTTTAAACTAGAGCCGAATAGCCCCAAAGCAGTTATACGCACTCGAGGCCACGAAGTACAATTACAAAAGTAGCTCTACCCCACTTTGACTCCACGAAAACCATAAAA
ASV_1951,CACCGCGGTCAAACGAGCTAGTGCCCGAGCAGATAGCTAACGGCGTAAAGAGTGGTTAGGGAAACCCAAAACTAAAGCTGAACGCCCGCAGGGCTGTGATACGCATCCGACGGTACGAAACCCCACCACGAAAGTGACTTTAACCAACCCGAACCCACGATAGCCAGGATA
ASV_1961,CACCGCGGTTATACGAGAGGCCCAAGTTGACAACCACCGGCGTAAAGAGTGGTTATGGAAACACTATACTAAAGCCGAACACCCTCTAGGCTGTCATACGCACCTGAGGCTACGAAGCTCCCCCGCGAAAGTGGCTTTATTCCTCCCTGAACCCACGACAGCTATGATA
ASV_2029,CACCGCGGTTATACGAGAGACCCTAGTTGATTGAAGCGGCGTAAAGAGTGGTTATGGAGTTTTTCCCTTTAAAGCAGAAAACCTCTCAAACTGTTATACGCACCCAGAGGTTGAAATCCCTCACACGAAAGTGACTTTATATTCGCCTACCAGAACCCACGAAAGCTGGGGCA
ASV_2035,CACCGCGGTTATACGAGAGACCCTAGTTGATTGAAGCGGCGTAAAGAGTGGTTATGGAGTTTCCCCCTTTAAAGCAGAAAACCTCTCAAACTGTTATACGCACCCAGAGGTTGAAATCCCTCACACGAAAGTGACTTTATGTTCGCCTACCAGAACCCACGAAAGCTGGGACA
ASV_2059,CACCGCGGTCATACGATTAACCCAAGTTAATAGGCATACGGCGTAAAGTGTGTTAAAGCACTATACTAAATAAAGTTAAATTCCAATTAAGCTGTAAAAAGCCATAATTGTAACAAAAATATATAACGAAAGTAACTTTACAACCGCTGAAACACGATAGCTAGGACC
ASV_2077,CACCGCGGTTATACGAGAGGCCCAAGTTGATGACCACCGGCGTAAAGAGTGGTTACGGAAGCACTTCACTAAAGCCGAACAACCTCTTGGCTGTCATACGCACCTGAGGCTATGAAGATCCCCCACGAAAGTGGCTTTACCCCTCCCTGAACCCACGACAGCTATGATA
ASV_2140,CACCGCGGTCATACGAGTGTTAGCCCAAGCAGATGGTCAACGGCGTAAAGAGTGGTTAGGGAACCCTGAAACTAAAGCTGAACGCCCGCAGGGCCGTTATACGCATCCGACAGCATGAAACCCCACCACGAAGGTGGCTTTAACCTGACCCGAACCCACGACAGCTAAGACA
ASV_2146,CACCGCGGTCATACGAGTGTTAGCCCAAGCAGATGGTCAACGGCGTAAAGAGTGGTTAGGGAACCCTGAAACTAAAGCTGAACGCCCGCAGGGCCGTTATACGCATCCGACAGCATGAAACCTCACCACGAAAGTGGCTTTAACCTGACCCGAACCCACGACAGCTAAGACA
ASV_2153,CACCGCGGTTATACGAGAGGCTCAAGTTGATAGACAACGGCGTAAAGAGTGGTTAGGAAAAACACAAACTAAAGTCGAACGCTTCCATAGCTGTTATACGCACCCGAAAATATGAAGCCCAACTACGAAAGTAACTTTAAAATACCTGAATCCACGAAAGCTAGGGAA
ASV_2175,CACCGCGGTTATACGAGTGACCCTTATTAATATTTTCCCGGCGTAAAGAGTGGTTTAAGAAAACCTTAAACAACTAAAGTTAAGACCTCATCAAGCTGTTATACGCTCTTATGAGAGGAATTATCAACAACGAAAGTGACTTTATAATATTAGAGACCTTGATGCCACGACAGTTGGGCCC
ASV_2242,CACCGCGGTTATACGAGAGGCCCAAGTTGACAACCACCGGCGTAAAGAGTGGTTATGGAAACACTATACTAAAGCCGAACACCCTCTAGGCTGTCATACGCACCTGAGGCTACGAAGCTCCCACACGAAAGTGGCTTTATTCCTCCCTGAACCCACGACAGCTATGATA
ASV_2247,CACCGCGGTCATACGAGTGTTAGCCCAAGTGGATGGTCAACGGCGTAAAGGGTGGTTAGGGATTCCCAGAACTAAAGCTGAACGCTCACAGGGCCGTTATACGCATCCGAGAGCATGAAACCCCGCCACGAAGGTGGCTTTAACCTAACCCGAACCCACGACAGCTAAGGCA
ASV_2262,CACCGCGGTCATACGAGTGTTAGCCCAAGCAGATGGTCAACGGCGTAAAGAGTGGTTAGGGAATCCTGAAACTAAAGCTGAACGCCCGCAGGGCCGTTATACGCATCCGACAGCATGAAACCCCACCACGAAAGTGGCTTTAACCTGACCCGAACCCACGACAGCTAAGACA
ASV_2318,CACCGCGGTCATACGAGTGTTAGCCCAAGTGGATGGTCAACGGCGTAAAGAGTGGTTAGGGATTCCCAGAACTAAAGCTGAACGCCCACAGGGCCGTTATACGCATCCGACAGCATGAAACCCCACCACGAAAGTGGCTTTAACCTGACCCGAACCCACGACAGCTAAGACA
ASV_2323,CACCGCGGTCATACGATTGACCCGAATTAATAGAAATACGGCGTAAAGAGTGTTAAAGAATTATGTAAAATAAAGTTAAATCTTAATTAAGCTGTAGAAAGCCATAATTAAAACTAAACTAAACCACGAAAGTGACTTTAACCTAATCTGATTACACGACAGCTAAGATC
ASV_2341,CACCGCGGTCATACGAGTGTTAGCCCAAGTGGAGGGTCAACGGCGTAAAGGGTGGTTAGGGATTCCCAGAACTAAAGCTGAACGCCCACAGGGCCGTTATACGCATCCGAGAGCATGAAACCCCGCCACGAAGGTGGCTTTAACCTAACCCGAACCCACGACAGCTAAGGCA
ASV_2371,CACCGCGGTCAAACGAGTGTGCCCAAGTGGACAATCTACGGCGTAAGCGTGGTTAGGGAGACCCCACAACTAAAGTAGAACTAGCTCCGGGCTGTGATACGCACCCGACACTGTGAAACCTCACCACGAAAGTGACTTTAACAACACCTGAACCCACGAAAGCTGGGGAA
ASV_2384,CACCGCGGTCATACGAGTGTTAGCCCAAGCAGATGGTCAACGGCGTAAAGAGTGGTTAGGGAACCCTAAAACTAAAGCTGAACGCCCGCAGGGCCGTTATACGCATCCGACAGCATGAAACCCCACCACGAAAGTGGCTTTAACCAGACCCGAACCCACGACAGCTAAGACA
ASV_2404,CGCCGCGGTTATACGAGCGACCCAAATTAATGAGATAACGGCGTAAAGAGTGTATAAGAGAAACCTTGCACTTATTAAAGTTAAAATGGTGCTTAACTGTTATACGCACCTGCACAAATGAAAAACAATTAAAAAAGAAACTTTATAAAAACAAGGCCTCTGAAAACACGATAGCTAAAAAA
ASV_2409,CACCGCGGCTATACGAGAGACCCAAGTTGATACCATTCGGCGTAAAGAGTGGTTATGGAAAATAAAGACTAAAGCCGCACACCTTCAAAGCTGTTATACGCATCCGAAAGCTAGAAGATCAACCACGAAGGTAGCTTTACAACCCCTGACCCCACGAAAGCTCCGGCA
ASV_2434,TACCGCGGTTACACGAAAAGCCCTAGCTGATAGGCACCGGCGCAAAGGGTGGTTAGAGAACTCGCACACAAAGTCAAACTTTCCCCCAGCTGTGGTACGCAGCCTAAAAGCAAAGACCTCAACGAAAGTAACTTTATCCCGCCTGAAGCCACAAAAGCTTGGACA
ASV_2483,CACCGCGGTCATACGATTGACCCAAATTAATAGGAACACGGCGTAAAGAGTGTTAAGGAGTCGCATAAAATAAAGTCAAACCTTAATTAAGCTGTAAAAAGCCCTAATTAAAATTAAGCCAAACTACGAAAGTGACTTTAACATAACCTGATCACACGACAGCTAAGACC
ASV_2493,CACCGCGGCTATACGAGAGACCCAAGTTGATACCATTCGGCGTAGAGAGTGGTTATGGAAAACAAAGACTAAAGCCGCACACCTTCAAAGCTGTTATACGCACCCGAAGGCTAGAAGATCAACCACGAAGGTAGCTTTACAACCCCTGACCCCACGAAAGCTCTGGCA
ASV_2497,CACCGCGGTCATACGAGTGTTAGCCCAAGCAGATGGTCAACGGCGTAAAGAGTGGTTAGGGAACCCTGAAACTAAAGCTGAACGCCCGCAGGGCCGTTATACGCATCCGACAGCATGAAACCCCACCACGAGAGTGGCTTTAACCTGACCCGAACCCACGACAGCTAAGACA
ASV_2512,CACCGCGGTTATACGAGAGGCCCAAGTTGATGACCACCGGCGTAAAGAGTGGTTACGGAAGCACTTCACTAAAGCCGAACAACCTCTTGGCTGTCGTACGCACCTGAGGCTACGAAGATCCCCCACGAAAGTGGCTTTACCCCTCCCTGAACCCACGACAGCTATGATA
ASV_2606,CATCGCGGTTATACGAGAGGCCCAAGTTGACAACCACCGGCGTAAAGAGTGGTTATGGAAACACTATACTAAAGCCGAACACCCTCTAGGCTGTCATACGCACCTGAGGCTACGAAGCTCCCCCACGAAAGTGGCTTTATTCCTCCCTGAACCCACGACAGCTATGATA
ASV_2616,CACCGCGGTTATACGAGAGGCCCAAGTTGACAACCACCGGCGTAAAGAGTGGTTATGGAAACACTATACTAAAGCCGAACACCCTCTAGGCTGTCATACGCACCTGAGGCTACGAAGCTCCCCCACGAAAGTGGCTTTACCCCTCCCTGAACCCACGACAGCTATGATA
ASV_2644,CACCGCGGCTATACGAGAGACCCAAGTTGATACCATTCGGCGTAAAGAGTGGTTATGGAGTTTTCCCCTTTAAAGCAGAAAACCTCTCAAACTGTTATACGCACCCAGAGGTTGAAATCCCTCACACGAAAGTGACTTTATATTCGCCTACCAGAACCCACGAAAGCTGGGACA
ASV_2758,CACCGCGGCTATACGAGAGGCCCAAGTTGATACCATTCGGCGTAAAGAGTGGTTATGGAGAATAAAGACTAAAGCCGCACACCTTCAAAGCTGTTATACGCATCCGAAGGCTAGAAGATCAACCACGAAGGTAGCTTTACAACCCCTGACCCCACGAAAGCTCCGGCA
ASV_2768,CACCGCGGTTATACGAGCGGCCCAAGTTGATAAAAATCGGCGTAAAGCGTGGTTAAAAAAATGTTTAAACTAGAGCCGAATAGCCTCAAAGCAGTTATACGCACTCGAGGCCACGAAGTACAATTACAAAAGTAGCTCTACCCCACTTTAACTCCACGAAAACCATAAAA
ASV_2806,CACCGCGGTTATACGAGAGGCCCAAGTTGACAACCACCGGCGTAAAGAGTGGTTATGGAAACACTATACTAAAGCCGAACACCCTCTAGGCTGTCATACGCACCTGAGGCTACGAAGCTCCCCCAGGAAAGTGGCTTTATTCCTCCCTGAACCCACGACAGCTATGATA
ASV_2818,CACCGCGGTCAAACGAGCTAGTGCCCGAGCAGATAACTAACGGCGTAAAGAGTGGTTAGGGAAACCCAAAACTAAAGCTAAACGCCCGCAGGGCTGTGATACGCATCCGACGGTACGAAACCCCACCACGAAAGTGACTTTAACCAACCCGAACCCACGATAGCCAGGATA
ASV_2836,CACCGCGGTTATACGAGAGGCCCAAGTTGATGACCACCGGCGTAAAGAGTGGTTACGGAAGCACTTCACTAAAGCCGAACAACCTCTTGGCTGTCATACGCACCTGAGGCTACGAAGATCCCCCACGAAAGTGGCTTTACCCCTCTCTGAACCCACGACAGCTATGATA
ASV_2858,CACCGCGGTTATACGAGAGGCCCAAGTTGATGACCACCGGCGTAAAGAGTGGTTACGGAAGCACTTCACTAAAGCCGAACAACCTCTTGGCTGTCATACGCACCTGAGGCTACGAAGATCCCCCACGGAAGTGGCTTTACCCCTCCCTGAACCCACGACAGCTATGATA
ASV_2884,CACCGCGGTTATACGAGGGACCCTAGTTGATTTAATCGGCGTAAAGAGTGGTTATGGAGAATAAGAAACTAAAGCCGAAGACCTCTTAGGCCGTCATACGTACCTAGAGGCTCGAATAACAAACACGAAGGTAGCTTTACCCCTTCCTGCCAGAACCCACGAGAGCTGGGATA
ASV_2928,CACCGCGGTCATACGAGTGTTAGCCCAAGCAGATGGTCAACGGCGTAAAGAGTGGTTGGGGAACCCTGAAACTAAAGCTGAACGCCCGCAGGGCCGTTATACGCATCCGACAGCATGAAACCCCACCACGAAGGTGGCTTTAACCTGACCCGAACCCACGACAGCTAAGACA
ASV_2962,CACCGCGGTCATACGAGTGTTAGCCCAAGCAGATGGTCAACGGCGTAAAGAGTGGTTAGGGAACCCTAAAACTAAAGCTGAACGCCCGCAGGGCCATTATACGCATCCGACAGCATGAAACCCCACCACGAAAGTGGCTTTAACCTGACCCGAACCCACGACAGCTAAGACA
ASV_2988,CACCGCGGTCATACGAGTGTTGGCCCAAGTGGATGGTCAACGGCGTAAAGGGTGGTTAGGGATTCCCAGAACTAAAGCTGAACGCTCACAGGGCCGTTATACGCATCCGAGAGCATGAAACCCCGCCACGAAGGTGGCTTTAACCTAACCCGAACCCACGACAGCTAAGGCA
ASV_3066,CACCGCGGTCATACGAGTGTTAGCCCAAGTGGATGGTCAACGGCGTAAAGAGTGGTTAGGGATTCCCAGAACTAAAGCTGAACGCCCACAGGGCCGTTATACGCATCCGAGAGCATGAAACCCCGCCACGGAAGTGGCTTTAACCTAACCCGAACCCACGACAGCTAAGGCA
ASV_3072,CACCGCGGTTATACGAAAGGCCCAAGTTGACAACCACCGGCGTAAAGAGTGGTTATGGAAACACTATACTAAAGCCGAACACCCTCTAGGCTGTCATACGCACCTGAGGCTACGAAGCTCCCCCACGAAAGTGGCTTTATTCCTCCCTGAACCCACGACAGCTATGATA
ASV_3106,CACCGCGGTTATACGAGCGGCCCAAGTTGATAAAAATCGGCGTAAAGCGTGGTTAAAAAAATGTTTAAACTAGAGCCGAATAGCCTCAAAGCAGTTATACCCACTCGAGGCCACGAAGTACAATTACAAAAGTAGCTCTACCCCACTTTGACTCCACGAAAACCATAAAA
ASV_3132,CACCGCGGTTATACGAGAGGCTCAAGTTGATGACCACCGGCGTAAAGAGTGGTTACGGAAGCACTTCACTAAAGCCGAACAACCTCTTGGCTGTCATACGCACCTGAGGCTACGAAGATCCCCCACGAAAGTGGCTTTACCCCTCCCTGAACCCACGACAGCTATGATA
ASV_3157,CGCCGCGGTTATACGAGTGACTCACATTAACACTTCCCGGCGTAAAGGGTGGTTTAAGGATAGCCTTTAAATTAATTAAAGTTAAGACCTCACCAAGCTGTTATACGCACCCATGAGTGGAATAAACAACAACGAAAGTGACTTTATAATAAAAGGGGCCTTGATGCCACGATAGCTGAACCC
ASV_3196,CACCGCGGTTATACGAGAGACCCTAGTTGATTGAAGCGGCGTAAAGAGTGGTTATGGAGTTTTCCCCTTTAAAGCAGAAAACCTCTCAAACTGTTATACGCACCCAGAGGTTGAAATCCCTCACACGAAAGTGACTTTATATTCGCCTACCAGAACCCACGACAGCTAGGACA
ASV_3247,CACCGCGGTTATACGAGGGACCCTAGTTGATTTAATCGGCGTAAAGAGTGGTTATGGAGAATAAGAAACTAAAGCCGAAGACCTCTTAGGCCGTCATACGTACCTAGAGGCTCGAATAACAAACACGAAAGTAGCTTTACCCCTTCCTGCCAGAACCCACGAAAGCTGGGACA
ASV_3252,CACCGCGGTCAAACGAGTTAGTGCCCGAGCAGATAACTAACGGCGTAAAGAGTGGTTAGGGAAACCCAAAACTAAAGCTGAACGCCCGCAGGGCTGTGATACGCATCCGACGGTACGAAACCCCACCACGAAAGTGACTTTAACCAACCCGAACCCACGATAGCCAGGATA
ASV_3287,CACCGCGGTTATACGAGTGACCCTTATTAATATTTTCCCGGCGTAAAGAGTGGTTTAAGAAAACCTTAAACAACTAAAGTTAAGACCTCATCAAGCTGTTATACGCTCTTATGAGAGGAATTATCAACAACGAAAGTGACTTTATAATATTAGAGACCTTGATGCCACGACAGTCGGGCCC
ASV_3311,CACCGCGGTTATACGAGAGACCCTAGTTGATTGAAGCGGCGTAAAGAGTGGTTATGGAGTTTTCCCCTTTAAAGCAGAAAACCTCTCAAACTGTTATACGCACCCAGAGGTTGAAATCCCTCACACGAAAGTGACTTTATATTCGCCTACCAGAACCCACGAAAGCTAAGGTAG
ASV_3317,CACCGCGGCTATACGAGAGACCCAAGTTGATACCATTCGGCGTAAAGAGTGGTTATGGAAAATAAAGACTAAAGCCGCACACCTTCAAAGCTGTTATACGCATCCGAAGGCTAGAAAATCAACCACGAAGGTAGCTTTACAACCCCTGACCCCACGAAAGCTCCGGCA
ASV_3332,CACCGCGGTCATACGAGTGTTAGCCCAAGCAGATGGTCAACGGCGTAAAGAGTGGTTAGGGAACCCTGAAACTAAAGCTGAACGCCTGCAGGGCCGTTATACGCATCCGACAGCATGAAACCCCACCACGAAAGTGGCTTTAACCTGATCCGAACCCACGACAGCTAAGACA
ASV_3431,CACCGCGGTCATACGATTGACCCAAATTAATAGGAACACGGCGTAAAGAGTGTTAAGGAGCCACATAAAATAAAGTCAAGCCTTAATTAAGCTGTAAAAAGCCCTAATTAAAATTAAGCCAAACTACGAAAGTGACTTTAACATAACCTGATCACACGACAGCTAAGACC
ASV_3452,CACCGCGGCCATACGAGTGTTAGCCCAAGTGGACGGTCAACGGCGTAAAGGGTGGTTAGGGAACCCTAAAACTAAAGCTGAACACCCACAGAGCTGTTATACGCATCCGGCAGCATGAAACCCCGCCACGTAAGTGACTTTAACCCAACCCGAACCCACGACAGCTAGGACA
ASV_3476,CACCGCGGTTATACGAGAGGCTCAAGTTGATAGACAGCGGCGTAAAGAGTGGTTATGGAGTTTTCCCCTTTAAAGCAGAAAACCTCTCAAACTGTTATACGCACCCAGAGGTTGAAATCCCTCACACGAAAGTGACTTTATATTCGCCTACCAGAACCCACGAAAGCTGGGACA
ASV_3550,CACCGCGGTTATACGATAGGCCCAAGTTGACAGACCCCGGCGTAAAGCGTGGTTAGGGAAGACTCAAAACTAAAGCCGAATATCTTCAGGGCAGTTATACGCTTCCGAAGACACGAAGCCCTTCCACGAAAGTGACTTTATTACCCCCGACCCCACGAAAGCTAGGACA
ASV_3604,CACCGCGGTTATACGAGAGACCCTAGTTGATTGAAGCGGCGTAAAGAGTGGTTATGGAGTTTTCCTCTTTAAAGCAGAAAACCTCTCAAACTGTTATACGCACCCAGAGGTTAAAATCCCTCACACGAAAGTGACTTTATATTCGCCTACCAGAACCCACGAAAGCTGGGACA
ASV_3616,CACCGCGGTCATACGAGTGTTAGCCCAAGTGGATGGTCAACGGCGTAAAGAGTGGTTAGGGATTCCCAGAACTAAAGCTGAACGCCCACAGGGCCGTTATACGCATCCGAGAGCATGAAACCCCACCACGAAAGTGGCTTTAACCTGACCCGAACCCACGACAGCTAAGACA
ASV_3657,CACCGCGGTCATACGATTGACCCGAATTCATAGAACTACGGCGTAAAGCGTGTTAAAGAACCATACAAGATAAAGTTAAACCTTAATTAAGCTGTAAAAAGCCATAATTAAAACAAAAATAAATTACGAAAGTGACTTTAATAATCTGATCACACGATAGCTAAGACC
ASV_3689,TTCTGTCCCCCTCGTGCCCGCCCCCGCGGTTCTACGAGAGACCCTAGTTGATTGAAGCGGCGTAAAGAGTGGTTATGGAGTTTTCCCCTTTAAAGCAGAAAACCTCTCAAACTGTTATACGCACCCAGAGGTTGAAATCCCTCACACGAAAGTGACTTTATATTCGCCTACCAGAACCCACGAAAGCTGGGACA
ASV_3719,CACCGCGGTCATACGAGTGTTAGCCCAAGTGGATGGTCAACGGCGTAAAGAGTGGTTAGGGATTCCCAGAACTAAAGCTGAACGCCCGCAGGGCTGTGATACGCATCCGACGGTACGAAACCCCACCACGAAAGTGACTTTAACCAACCCGAACCCACGATAGCCAGGATA
ASV_3728,CACCGCGGCTATACGAGAGACCCAAGTTGATACCATTCGGCGTAAAGAGTGGTTATGGAAAATAAAGACTAAAGCCGCACACCTTCAAAGCTGTTATACGCATCCGAAGGCTAGAAGATCAACCACGAAGGTAGCTTTATAACCCCTGACCCCACGAAAGCTCCGGCG
ASV_3737,CACCGCGGTCATACGAGTGTTAGCCCAAGTGGATGGTCAACGGCGTAAAGAGTGGTTAGGGAACCCTGAAACTAAAGCTGAACGCCCGCAGGGCCGTTATACGCATCCGACAGCATGAAACCCCACCACGAAAGTGGCTTTAACCTGACCCGAACCCACGACAGCTAAGACA
ASV_3752,CACCGCGGTCATACGAGTGTTAGCCCAAGTGGATGGTCAACGGCGTAAAGAGTGGTTAGGGAAACCCAAAACTAAAGCTGAACGCCCGCAGGGCTGTGATACGCATCCGACGGTACGAAACCCCACCACGAAAGTGACTTTAACCAACCCGAACCCACGATAGCCAGGATA
ASV_3777,CGCCGCGGTTATACGAGCGACCCAAATTAATGAGATAACGGCGTAAAGAGTGTATAAGAAAAACCTTGCACTTATTAAAGTTAAAATGGCGCTTAACTGTTATACGCACCTGCACAAATGAAAAACAATTAAAAAAGAAACTTTATAAAAACAAGGCCTCTGAAAACACGATAGCTAAAAAA
ASV_3837,CACCGCGGTTATACGAGAGGCTCAGGTTGACAGACAACGGCGTAAAGAGTGGTTAAGGAAAACATTTAACTAAAGCGGAACCCCCTCATTGTTGTTATACGCTTCCGAGGGAATGAACCCCAACTACGAAGGTGGCTTTATATTAACCTGAACCCACGAAAGCTAAGGAA
ASV_3847,CGCCGCGGTTATACGGGCGACCCAAATTAATGAGATAACGGCGTAAAGAGTGTATAAGAAAAACCTTGCACTTATTAAAGTTAAAATGGTGCTTAACTGTTATACGCACCTGCACAAATGAAAAACAATTAAAAAAGAAACTTTATAAAAACAAGGCCTCTGAAAACACGATAGCTAAAAAA
ASV_3865,CACCGCGGTTATACGAGAGACCCAAGTTGACAGCCATCGGCGTAAAGAGTGGTTAGGGAATTTTCAAACTAAAGCCGAACACCCCCTAGGCTGTTATACGCACCTGGGAGTACGAAGTCCTCCAACGAGAGTGGCTTTACCCCCCCTCCCCGAACCCACGACAGCTATGACA
ASV_3897,CACCGCGGTCATACGATTGACCCAAATTAATAGGAACACGGCGTAAAGAGTGTTAAGGAGCCACATAAAATAAAGTCAAACCTTAATTAAGCTGTAAAAAGCCCTAACTAAAATTAAGCCAAACTACGAAAGTGACTTTAACATAACCTGATCACACGACAGCTAAGACC
ASV_3963,CACCGCGGTTATACGAGAGGCCCAAGTTGACAACCACCGGCGTAAAAAGTGGTTATGGAAACACTATACCAAAGCCGAACACCCTCTAGGCTGTCATACGCACCTGAGGCTACGAAGCTCCCCCACGAAAGTGGCTTTATTCCTCCCTGAACCCACGACAGCTATGACA
ASV_3992,CACCGCGGTCATACGAGTGTTAGCCCGAGTGGATGGTCAACGGCGTAAAGAGTGGTTAGGGATTCCCAGAACTAAAGCTGAACGCCCACAGGGCCGTTATACGCATCCGAGAGCATGAAACCCCGCCACGAAGGTGGCTTTAACCTAACCCGAACCCACGACAGCTAAGGCA
ASV_4026,CACCGCGGTTATACGAGAGACCCAAGTTGACAGCCATCGGCGTAAAGAGTGGTTAGGGAATTTTCAAACTAAAGCCGAACACCCCCTAGGCTGTTATACGCACCTGGGAGTACGAAGTCCTCCAACGAAAGTGGCTTTACCCCCCCTCCCCGAACCCACGACAGCTGTGACA
ASV_4052,CACCGCGGTTATACGAGAGGCCCTAGTTGATAACTACCGGCGTAAAGAGTGGTTATGGAAAAAATATTTAATAAAGCCGAACACCCCCTCAGCCGCCATACGCACCTGGGAGCACGAAGACCTACTGCGAAAGCAGCTTTAACTATGCCTGACCCCACGACAGCTAAGAAA
ASV_4077,CACCGCGGCTATACGAGAGACCCAAGTTGATACCATTCGGCGTAGAGAGTGGTTATGGAGAATAAAGACTAAAGCCGCACACCTTCAAAGCTGTTATACGCATCCGAAGGCTAGAAGATCAACCACGAAGGTAGCTTTACAACCCCTGACCCCACGAAAGCTCCGGCA
ASV_4177,CACCGCGGTTATACGAGAGGCCCAAGTTGATGACCACCGGCGTAAAGAGTGGTTACGGAGGCACTTCACTAAAGCCGAACAGCCTCTTGGCTGTCATACGCACCTGAGGCTACGAAGATCCCCCACGAAAGTGGCTTTACCCCTCCCTGAACCCACGACAGCTATGATA
ASV_4182,CACCGCGGTTATACGAGAGACCCTAGTTGATTGAAGCGGCGTAAAGAGTGGTCATGGAGTTTTCCCCTTTAAAGCAGAAGACCTCTCAAACTGTTATACGCACCCAGAGGTTGAAATCCCTCACACGAAAGTGACTTTATATTCGCCTACCAGAACCCACGAAAGCTGGGACA
ASV_4208,CACCAGGGTCATACGATCAACCCAAGTTAATAGAAATATGGCGTAAAGCGTGTTAAAGAGTAATGCAAAATAAAGTTAAATTTTAAGCTGTAAAAAGCCATAATTAAAGTAAAAATAGACTACGAAAGTGACTTTAGCACATCCTGATTACACGACAGCTAAGACC
ASV_4235,CACCGCGGTTATACGAGAGACCCTAGTTGATTGAAGCGGCGTAAAGAGTGGTTATGGAGTTTTCCTCTTTAAAGCAGAAAACCTCTCAAACTGTTATACGCACCCAGAGGTTGAAATCCCTCACACGAGAGTGACTTTATATTCGCCTACCAGAACCCACGAAAGCTGGGACA
ASV_4290,CACCGCGGTCATACGAGTGTTAGCCCAAGCAGATGGTCAACGGCGTAAAGAGTGGTTAGGGAACCCTGAAACTAAAGCTGAACGCCTGCAGGGCCGTTATACGCATCCGACAGCATGAAACCCCACCACGAAAGTGACTTTAACCAACCCGAACCCACGATAGCCAGGATA
ASV_4350,CACCGCGGTTATATGAGCGGCCCAAGTTGATAAAAATCGGCGTAAAGCGTGGTTAAAAAAATGTTTAAACTAGAGCCGAATAGCCTCAAAGCAGTTATACGCACTCGAGGCCACGAAGTACAATTACAAAAGTAGCTCTACCCCACTTTGACTCCACGAAAACCATAAAA
ASV_4417,CACCGCGGTTATACGAGAGACCCTAGTTGATTGAAGCGGCGTAAAGAGTGGTTATGGAGTTTTCCCCTTTAAAGCAGAGAACCTCTCAAACTGTTATACGCACCCAGAGGTTGAAATCCCTCACACGAAAGTGACTTTATATTCGCCTACCAGAACCTACGAAAGCTGGGACA
ASV_4433,CACCGCGGCTATACGAGAGACCCAAGTTGATACCATTCGGCGTAAAGAGTGGTTATGGAAGATAAAGACTAAAGCCGCACACCTTCAAAGCTGTTATACGCATCCGAAGGCTAGAAGATCAACCACGAAAGTAGCTTTACAACCCCTGACCCCACGAAAGCACTGGCA
ASV_4499,CACCGCGGTTATACGAGAGACCCTAGTTGATTGAAGCGGCGTAAAGAGTGGTTATGGAGTTTTCCCCTTTAAAGTAGAAAACCTTTCAAACTGTTATACGCACCCAGAGGTTGAAATCCCTCACACGAAAGTGACTTTATATTCGCCTACCAGAACCCACGAAAGCTGGGACA
ASV_4546,CACCGCGGTCACACAAGAAACCCAAATTAACTGTAACCCGGCGTAAAGAGTGGAACCATACTATCATCCCAACTAAGATCAAAATGCAACTAAGCTGTCATAAGCTCAAGGTGCACCTAAACTCACCTTCAAGATGATCTTAGCATCTACGATCGATTACCTCCACGAAAGCTAAGGCA
ASV_4650,CACCGCGGTTATACGAGCAGCCCAAGCTGATAGTTGCCGGCGTAAAGCGTGGTTAAGGATTACAATATGACTAAAGCCGAACGCCCTCAAAGCTGTCATAAGCATCCGAAGGTACGAAGCACCCCCACGAAAGTGACTTTAAACCCCGCCTGACCCCACGAAAGCTACGTAA
ASV_4651,CACCGCGGTTATACGAGGGGCCCAAGCTGACAGACACCGGCGTAAAGAGTGGTTAAGGATTAACCCCACTAAAGTCAAACATCCCCTATGCTGTTATACGCCTCCGGGGACAGGATGCCCCACCACGAAAGTGACTTTAATAAATCTCCCGAACCCACGACAGCTATGAAA
ASV_4672,CACCGCGGTCATACGAGTGTTAGCCCAAGTGGATGGTCAACGGCGTAAAGAGTGGTTAGGGATTCCCAGAACTAAAGCTGAACGCCCGCAGGGCCGTTATACGCATCCGACAGCATGAAACCCCACCACGAAAGTGGCTTTAACCTGACCCGAACCCACGACAGCTAAGACA
ASV_4769,CACCGCGGTCATACGAGTGCTAGCCCAAGCAGATGGTCAACGGCGTAAAGAGTGGTTAGGGAACCCTGAAACTAAAGCTAAACGCCCGCAGGGCCGTTATACGCATCCGACAGCATGAAACCCCACCACGAAAGTGGCTTTAACCTGACCCGAACCCACGACAGCTAAGACA
ASV_4791,CACCGCGGTTATACGAGAGACCCTAGTTGATTGAAGCGGCGTAAAGAGTGGTTATGGAGTTTTCCCCTTTAAAGCAGAAAACCTCTCAAACTGTTATACGCACCCAGAGGTTAAAATCCCTCACACGAAAGTGACTTTATACTCGCCTACCAGAACCCACGAAAGCTGGGACA
ASV_4822,CACCGCGGTTATACGAGGGACCCTAGTTGATTGAAGCGGCGTAAAGAGTGGTTATGGAGTTTTCCCCTTTAAAGCAGAAGACCTCTCAAACTGTTATACGCACCCAGAGGTTGAAATCCCTCACACGAAAGTGACTTTATATTCGCCTACCAGAACCCACGAAAGCTGGGACA
ASV_4854,CACCGCGGTTATACGAGAGGCCCAAGTTGACAACCACCGGCGTAAAGAGTGGTTATGGAAACACTATACTAAAGCCGAACACCCTCTAGGCTGTCATACGCACCTGAGGCTACGAAACTCCCCCACGAGAGTGGCTTTATTCCTCCCTGAACCCACGACAGCTATGATA
ASV_4909,CACCGCGGTCATACGAGTGTTAGCCCAAGCAGATGGTCAACGGCGTAAAGAGTGGTTAGGGAACCCTGAAACTAAAGCTGAACGCCCGCAGGGCCGTTATACGCATCCGACAGCATGAAACCCCACCACGAAAGTGGCTTTAACCTGACCCGAACCCACGACAGCTAGGGCA
ASV_4929,CACCGCGGTTATACGAGAGACCCTAGTTGATTGAAGCGGCGTAAAGAGTGGTTATGGAGAATAAGAAACTAAAGCCGAAGACCTCTTAGGCCGTCATACGTACCTAGAGGCTCGAATAACAAACACGAAAGTAGCTTTACCCCTTCCTGCCAGAACCCACGAAAGCTGGGATA
ASV_4931,CACCGCGGTCAAACGAGCTAGTGCCCGAGCAGATAACTAACGGCGTAAAGAGTGGTTAGGGAAACCCAAAACTAAAGCTGAACGCCCGCAGGGCTGTGATACGCATCCGACGGTACGAAACCCCACCACGAAAGTGACTTTAACCAACCCGAACCCACGACAGCTAGGGCA
ASV_5002,CACCGCGGTTATACGAGAGGCCCCAGTTGATAAACACGGCGTAGAGAGTGGTTAAGAATTATGCCGAACTAAAGCCGAAGGTCCCCTAAGCCGTCATACGCACCTGGGGGTACGAAGCCCCATCACGAAAGTAGCTTTATTCAAGCCCGCCTGACCCCACGACAGCTAAGACA
ASV_5014,CACCGCGGTTATACGATAGGCCCAAGTTGACAGACCCCGGCGTAAAGCGTGGTTAGGGAAAACTCAAAACTAAAGCCGAATAACTTCAGGGCAGTTATACGCTTCCGAAGACACGAAGCCCTTCCACGAAAGTGACTTTATTACCCCCGACCCCACGAAAGCTAGGACA
ASV_5037,CACCGCGGCTATACGAGGGACCCAAGCTGATACCATTCGGCGTAAAGAGTGGTTATGGAAAATAAAGACTAAAGCCGCACACCTTCAAAGCTGTTATACGCATCCGAAGGCTAGAAGATCAACCACGAAGGTAGCTTTACAACCCCTGACCCCACGAAAGCTCCTGCA
ASV_5068,CACCGCGGCTATACGAGAGACCCAAGTTGATACCATTCGGCGTAAAGAGTGGTTATGGAAAATAAAGACTAAAGCCGCACACCTTCAAAGCTGTTATACGCATCCGAAGGCTAGAAAATCAACCACGAAGTTAGCTTTACAACCCCTGACCCCACGAAAGCTCCGGCA
ASV_5143,CGCCGCGGTTATACGAGCGACCCAAATTAATGAGATAACGGCGTAAAGAGAGTATAAGAAAAACCTTGTACTTATTAAAGTTAAAATGGTGCTTAACTGTTATACGTACCCGCACAAATGAAAAACAATTAAAAAAGAAACTTTATAAAAACAAGGCCTCTGAAAACACGATAGCTAAAAAA
ASV_5147,CACCGCGGTCATACGATTGACCCGAATTAATAGACACCCGGCGTAAAGAGTGTCAAGGAACAATATAAAAATAAAGTCAAACCTTAATTAAACTGTAAAAAGCCATAATTAAAATTAAGTTAAACTACGAAAGTAACTTTACCATAAACTGAGTACACGACAACTAAGACC
ASV_5174,CGCGGTAATACGAGAGACCCAAGTTGATACCATTCGGCGTAAAGAGTGGTTATGGAAAATAAAGACTAAAGCCGCACACCTTCAAAGCTGTTATACGCATCCGAAGGCTAGAAGATCAACCACGAAGGTAGCTTTACAACCCCTGACCCCACGAAAGCTCCGGCA
ASV_5231,CACCGCGGTTATACGAGAGACCCTAGTTGATTGAAGCGGCGTAAAGAGTGGTTATGGAGTTTTCCCCTTTAAAGCAGAAAACCTCTTAAACTGTTATACGCACCCAGAGGTTGAAATCCCTCACACGAAAGTGACTTCATATTCGCCTACCAGAACCCACGAAAGCTGGGACA
ASV_5268,CACCGCGGTCATACGATTGACCCAAATTAATAGGCACCCGGCGTAAAGAGTGTCAAGGAAAGATATAAAAATAAAGTCAAACCTTAATTAAGCTGTAAAAAGCCATAATTAAAATTAAGTTAAACTACGAAAGTAACTTTACCATAAACTGAGTACACGACAACTAAGACC
ASV_5324,CACCGCGGTTCTCCGCGAGACCCTAGTTGATTGAAGCGGCGTAAAGAGTGGTTATGGAGTTTTCCCCTTTAAAGCAGAAAACCTCTCAAACTGTTATACGCACCCAGAGGTTGAAATCCCTCACACGAAAGTGACTTTATATTCGCCTACCAGAACCCACGAAAGCTGGGACA
ASV_5370,CACCGCGGTCATACAAGTGTTAGCCCAAGTGGACAATTACGGCGTAAAGCGTGGTTAGGGAACGCCCCCCACTAAAGAAGAACCTCCTCCCGGCCGTTATACGCACCCGACAGTATGAAACCCCACCACGAAAGTGACTTTAACCTAGCCTGAACCCACGAAAACTGAGGAAA
ASV_5418,CACCGCGGTTATACGAGAGGCTCAAGTTGACAGACAACGGCGTAAAGAGTGGTTAAGGAAAACATTTAACTAAAGCGGAACCCCCTCGTTGCTGTTATACGCTTCCGAGGGAATGAACCCCAACTACGAAGGTGGCTTTATATTAACCTGAACCCACGAAAGCTAAGGAA
ASV_5476,CACCGCGGTTATACGAGTAACTCACATTAATATTTTCCCGGCGTAAAGAGTGATTTAAGGAATATCTATCATAACTAAAGTTAAGACCTCGTCAAGCTGTTACACGCACCCACGAATGGAATTGTCAATAACGAAAGTGACTTTATCCCACTAGAAATCTTGACGTCACGACAGTTAGACCC
ASV_5533,CACCGCGGTTATACGAGAGACCCTAGTTGATTGAAGCGGCGTAAAGAGTGGTTATGGAAAATAAAGACTAAAGCCGCACACCTTCAAAGCTGTTATACGCATCCGAAGGCTAGAAGATCAACCACGAAGGTAGCTTTACAACCCCTGACCCCACGAAAGCTCTGGCA
ASV_5588,CACCGCGGCTATACGAGAGACCCAAGTTGATACCATTCGGCGTAAAGAGTGGTTATGGAAGATAAAGACTAAAGCCGCACACCTTCAAAGCTGTTATACGCATCCGAAGGCTAGAAGATCAACCACGAAGGTAGCTTTACAACCCCTGACCCCAGGAAAGCTCCGGCA
ASV_5593,CACCGCGGTTATACGAGAGACCCTAGTTGATTGAAGCGGCGTAAAGAGTGGTTATGGAGTTTTCCCCTTTAAAGCAGAAAACCTCTCAAACTGTTATACGCACCCAGAGGTTGAAACCCCTTACACGAAAGTGACTTTATATTCGCCTACCAGAACCCACGAAAGCTGGGACA
ASV_5615,CACCGCGGTTATACGAGAGGCCCAAGTTGAAAGACCCCGGCGTAAAGAGTGGTTAAGCTAGAATTTATATTAAAGCCGAACACCCTCACGGCTGTTATACGCACCCGAAGATAAGAAGCTCAACCACAAAGGTGGCTTTATAAGTCTGAACCCACGAAAGCTACGGCA
ASV_5617,CACCGCGGTTATACGAGAGACCCAAGTTGACAGCCATCGGCGTAAAGAGTGGTTAGGGAATTTTCAAACTAAAGCCGAACACCCCCTAGGCTGTTATACGCACCTGGGAGTACGAAGTCCTCCAACGAAAGTGGCTTTACCCCCCCTCCCCGAACCCACGTCAGCTATGACA
ASV_5618,CACCGCGGTTATACGAGAGACCCTAGTTGATTGAAGCGGCGTAAAGAGTGGTTATGGAGTTTTCCCCTTTAAAGCAGAAAACCTCTCAAACTGTTATACGCACCCAGAGGTTGAAATCCCTCACACGAAAGTGACTTTATATTCGCCTACCAGAACCCACGACAGCTAGGGCA
ASV_5694,TACCGCGGTTACACGAAAAGCCCTAGCTGATAGGCACCGGCGCAAAGGGTGGTTAGAGAACTCGCACACAAAGTCAAACTTTCCCCCAGCTGTGGTACGCAGCCTAAAAGCAAAGACCCCAACGAAAGTAACTTTATCCCGCCTGAAGCCACAAAAGCTTGGACA
ASV_5707,CACCGCGGTTATACGAGAGACCCTAGTTGATTGAAGCGGCGTAAAGAGTGGTTATGGAGTTTTCCCTTTTAAAGCAGAAAACCTCTCAAACCGTTATACGCACCCAGAGGTTGAAATCCCTCACACGAAAGTGACTTTATATTCGCCTACCAGAACCCACGAAAGCTGGGACA
ASV_5723,GGAGGGAAAAATAGTGTCAGAAACAGAGGGTATACGAGAGACCCTAGTTGATTGAAGCGGCGTAAAGAGTGGTTATGGAGTTTTCCCCTTTAAAGCAGAAAACCTCTCAAACTGTTATACGCACCCAGAGGTTGAAATCCCTCACACGAAAGTGACTTTATATTCGCCTACCAGAACCCACGAAAGCTGGGACA
ASV_5808,CACCGCGGTTATACGAGAGACCCTAGTTGATTGAAGCGGCGTAAAGAGTGGTTATGGAGTTTTCCCCTTTAAAGCAGAAAACCTCTCAAACTGTTCTACGCACCCAGAGGTTGAAATCCCTCACGCGAAAGTGACTTTATATTCGCCTACCAGAACCCACGAAAGCTGGGACA
ASV_5832,CACCGCGGCTATACGAGAGACCCAAGTTGATACCATTCGGCGTAAAGAGTGGTTATGGAAAACAAAGACTAAAGCCGCACACCTTCAAAGCTGTTATACGCATCCGAAGGCCAGAAGATCAACCACGAAGGTAGCTTTACAACCCCTGACCCCACGAAAGCTCCGGCA
ASV_5854,CACCGCGGTTATACGAGAGACCCTAGTTGATTGAAGCGGCGTAAAGAGTGGTTATGGAGTTTTTCCCTTTAAAGCAGAAAACCTCTCGAACTGTTATACGCACCCAGAGGTTGAAATCCCTCACACAAAAGTGACTTTATATTCGCCTACCAGAACCCACGAAAGCTGGGACA
ASV_5855,CACCGCGGTTATACGAGAGACCCTAGTTGACTGAAACGGCGTAAAGAGTGGTTATGGAGTTTTCCCCTTTAAAGCAGAAAACCTCTCAAACTGTTATACGCACCCAGAGGTTGAAATCCCTCACACGAAAGTGACTTTATATTCGCCTACCAGAACCCACGAAAGCTGGGACA
ASV_5883,CACCGCGGTTATACGAGAGACCCTAGTTGATTGAAGCGGCGTAAAGAGTGGTTATGGAGTTTTCCCCTTTAAAGCAGAAAACCTCTCAAACTGTTATACGCACCCAGAGGTTGAAATCCCTCACACGAAAGTGACTTTATATTCGCCTACCAGAACCCACGAAACCTATAGAA
ASV_5906,CACCGCGGTCATACGAGTGTTAGCCCAAGCAGATGGTCAACGGCGTAAAGAGTGGTTAGGGAACCCTGAAACTAAAGCTGAACGCCCGCAGGGCCGTTATACGCATCCGACAGCATGAAACCCCACCACGAAAGTGGCTTTAACCTAACCCGAACCCACGACAGCCAAGACA
ASV_5909,CACCGCGGTCAAACGAGCTAGTGCCCGAGCAGATAACTAACGGCGTAAAGAGTGGTTAGGGAAACCCAAAACTAAAGCTGAACGCCCGCAGGGCTGTGATACGCATCCGACGGTACGAAACCCCACCACGAAAGTGACTTTAACCAACCCGAACCCACGACAGCTAGGACA
ASV_5932,CACCGCGGTCATACGAGTGTTAGCCCAAGTGGATGGTCAACGGCGTAAAGGGTGGTTAGGGATTCCCAGAACTAAAGCTGAACGCCCACAGGGCCGTTATACGCATCCGAGAGCATGAAACCCCGCCACGAAGGTGGCTTTAACCTAACCCGAACCCACGACAGCTAAGGCA
ASV_6072,GTAGGCAACACTCGTGCTAGAAACAGAGGTGAGAAGAGAGACCCTAGTTGATTGAAGCGGCGTAAAGAGTGGTTATGGAGTTTTCCCCTTTAAAGCAGAAAACCTCTCAAACTGTTATACGCACCCAGAGGTTGAAATCCCTCACACGAAAGTGACTTTATATTCGCCTACCAGAACCCACGAAAGCTGGGACA
ASV_6112,CACCGCGGTTATACGAGAGACCCTAGTTGATTGAAGCGGCGTAAAGAGTGGTTATGGAGTTTTCCCCTTTAAAGCAGAAAACCTCTCAAACTGTTATATGCACCCAGAGGTTGAAATCCCTCACACGGAAGTGACTTTATATTCGCCTACCAGAACCCACGAAAGCTGGGACA
ASV_6137,CACCGCGGTTATACGAGAGGCCCAAGTTGATGACCACCGGCGTAAAGAGTGGTTACGGAAGCACTTCACTAAAGCCGAACAACCTCTTGGCTGTCGTACGCACCTGAGGCTACGAAGATCCCCCACGAAAGTGGCTTTACCCCTCCCTGAACCCACGACAGCTGTGATA
ASV_6158,CACCGCGGTTATACGAGAGGCCCAAGTTGACAAACAACGGCGTAAAGAGTGGTTAGGGGATTTACTAAACTAGAGCTGAACGCTTTCAAAGCTGTTATACGCACCCGAAAGTATGAAACCCAATTACGAAAGTAGCTCTACCTGTCCTGGACCCACGAAAGCTAAGGAA
ASV_6183,CACCGCGGTCATACGAGTGTTAGCCCAAGTGGATGGTCAACGGCGTAAAGAGTGGTTAGGGATTCCCAGAACTAAAGCTGAACGCCCACAGGGCCGTTATACGCATCCGACGGTACGAAACCCCACCACGAAAGTGACTTTAACCAACCCGAACCCACGATAGCCAGGATA
ASV_6199,CACCGCGGCTATACGAGAGACCCAAGTTGATACCATTCGGCGTAAAGAGTGGTTATGGAAAATAAAGACTAAAGCCGCACACCTTCAAAGCTGTTATACGCATCCGAAGGCTAGAAGATCAACTACGAAGGTAGCTCTACAACCCCTGACCCCACGAAAGCTCCGGCA
ASV_6215,CACCGCGGCTATACGAGAGACCCAAGTTGATACCATTCGGCGTAAAGAGTGGTTATGGAAAATAAAGACTAAAGCCGCACACCTTCAAAGCTGTTATACGCATCCGAAGGCTAGAAGATCTACCACAAAGGTAGCTTTACAACCCCTGACCCCACGAAAGCTCCGGCA
ASV_6275,CACCGCGGTTATACGAGAGGCCCAAGTTGATAGACGCCGGCGTAAAGTGTGGTTAAGGAAAAATTTAAACTAAAGCCGAACGCCTTCACGGCAGTCTGAATGCATTCGAAGGTACGAAGCCCCACCACGAAAGTGGCTTTATAAACCCTGATTCCACGAAAGCTAAGGAA
ASV_6406,CACCGCGGTTATACGAGTGACCCTTATTAATATTTTCCCGGCGTAAAGAGTGGTTTAAGAAAACCTTAAACAACTAAAGTTAAGACTTCATCAAGCCGTTATACGCTCTTATGAGAGGAATTATCAACAACGAAAGTGACTTTATAATATTAGAGACCTTGATGCCACGACAGTTGGGCCC
ASV_6486,CACCGCGGTTATACGAGAGGCCCAAGTTGACAACCACCGGCGTAAAGAGTGGTTATGGAAACACTATACTAAAGCCGAACACCCTCTAGGCTGTCATACGCACCCGAGGCTACGAAGCTCCCCCAGGAAAGTGGCTTTATTCCTCCCTGAACCCACGACAGCTATGATA
ASV_6699,CACCGCGGCCATACGATTGACCCGAATTAATAGAATTATGGCGTAAAGCATGTTAAAGAATTATACAAGATAAAGTTAGAGCTTAATTAAGCTGTAAAAAGCCATAATTAAAGTAAAAATAAACTATGAAAGTGACTTTAACATATCCTGATCACACGATAGCTAAGACC
ASV_6729,CACCGCGGCTATACGAGAGACCCAAGTTGATACCATTCGGCGTAAAGAGTGGTTATGGAAAATAAAGACTAAAGCCGCACACCTTCAAAGCTGTTATACGCACCCGAAGGTTGAAGATCAACCACGAAGGTAGCTTTACAACCCCTGACCCCACGAAAGCTCTGGCA
ASV_6805,CACCGCGGTTATACGAGAGGCCCAAGTTGATAGTCAACGGCGTAAAGAGTGGTTAGAATGAACCTATTACTAAAGCCGAACGCCTTCAGAGCTGTTATACGCATCCGAAGGTGAGAAGCCTATCCACAAAAGTGGCTTTACAACTTTGAACCCACGAAAGCTACGGAA
ASV_6809,CACCGCGGCCATACGAGTGTTAGCCCAAGTGGACGGTCAACGGCGTAAAGGGTGGTTAGGGAACCCTAAAACTAAAGCTGAACACCCACAGAGCTGTTATACGCATCCGACAGCATGAAACCCCACCACGAAAGTGGCTTTAACCTGACCCGAACCCACGACAGCTAAGACA
ASV_6903,CACCGCGGTTATACGAGAGGCCCAAGTTGATGACCACCGGCGTAAAGAGTGGTTACGGAAGCACTTCACTAAAGCCGAACAACCTCTTGGCTGTCATACGCACCTGAGGCTACGAAGATCCCCCACGAAAGTGGCTTTACCCCTCCCTGAACCCACGACAGCTATGGCA
ASV_6939,CACCGCGGTTATACGAGAGGCCCAAGTCGACAGCCTACGGCGTAAAGAGTGGTTATGGAGTTTTCCCCTTTAAAGCAGAAAACCTCTCAAACTGTTATACGCACCCAGAGGTTGAAATCCCTCACACGAAAGTGACTTTATATTCGCCTACCAGAACCCACGAAAGCTGGGACA
ASV_7139,CACCGCGGTTAGACGAGAGGCCTAAGTTGATAGCCACCGGCGTAAAGAGTGGTTAGGGATAAAATGAAAACTAAAGCCGAATATCCCCACAGCTGTTATACGCACCCGAAGATAAGGAGCCCCTACGAAAGTAGCTTTAATCCACCCGACTCCACGAAAGCCGTGAAA
ASV_7150,CACCGCGGTTATACGAGAGACCCTAGTTGATTGAAGCGGCGTAAAGGGTGGTTATGGAGTTTTTCCCTTTAAAGCAGAAAACCTCTCGAACTGTTATACGCACCCAGAGGTTGAAATCCCTCACACAAAAGTGACTTTATATTCGCCTACCAGAACCCGCGAAAGCTGGGACA
ASV_7151,CATCGCAGTCATACGAGTGTTAGCCCAAGTGGATGGTCAACGGCGTAAAGAGTGGTTAGGGATTCCCAGAACTAAAGCTGAACGCCCACAGGGCCGTTATACGCATCCGAGAGCATGAAACCCCGCCACGAAGGTGGCTTTAACCTAACCCGAACCCACGACAGCTAAGGCA
ASV_7244,CACCGCGGTTATACGAGCGGCCCAAGTTGATAAAAATCGGCGTAAAGCGTGGTTAAAAAAATGTTTAAACTAGAGCCGAATAGCCCCAAAGCAGTTATACGCACTCGAGGCCACGAAGTACAATCACAAAAGTAGCTCTACCCCACTTTGACTCCACGAAAACCATAAAA
ASV_7257,CGCGGTAAGACGGAGGATGCAAGTGTTATCCGGAATCACTGGGCGTAAAGCGTGGTTAAAAAAATGTTTAAACTAGAGCCGAATAGCCTCAAAGCAGTTATACGCACTCGAGGCCACGAAGTACAATTACAAAAGTAGCTCTACCCCACTTTGACTCCACGAAAACCATAAAA
ASV_7349,CACCGCGGTTATACGGGAGGCTCAAGTTGATAGACAGCGGCGTAAAGAGTGGTTAGGAAAAACACAAACTAAGGTCGAACGCTTCCATAGCTGTTATACGCACCCGAAAATATGAAGCCCAACTACGAAAGTAACTTTAAAATACTTGAATCCACGAAAGCTAGGGAA
ASV_7397,CACCGCGGTCATACGAGTGTTAGCCCAAGCAGATGGTCAACGGCGTAAAGAGTGGTTAGGGAACCCTGGAACTAAAGCTGAACGCCCGCAGGGCCGTTGTACGCATCCGACAGCATGAAACCCCACCACGAAAGTGGCTTTAACCTGACCCGAACCCACGACAGCTAAGACA
ASV_7439,CACCGCGGTCATACGAGTGTTAGCCCAAGTGGATGGTCAACGGCGTAAAGAGTGGTTAGGGATTCCCAGAACTAAAGCTGAACGCCCACAGGGCCGTTATACGCATCCGAGAGCATGAAACCCCACCACGAAAGTGACTTTAACCAACCCGAACCCACGATAGCCAGGATA
ASV_7443,CACCGCGGTTCTCCGAGAGACCCTCGTTGATTGCAGCGGCGTAAAGAGTGGTTATGGAGTTTTCCCCTTTAAAGCAGAAAACCTCTCAAACTGTTATACGCACCCAGAGGTTGAAATCCCTCACACGAAAGTGACTTTATATTCGCCTACCAGAACCCACGAAAGCTGGGACA
ASV_7484,CACCGCGGTTCTCCTCGAGACCCTAGTTGATTGAAGCGGCGTAAAGAGTGGTTATGGAGTTTTCCCCTTTAAAGCAGAAAACCTCTCAAACTGTTATACGCACCCAGAGGTTGAAATCCCTCACACGAAAGTGACTTTATATTCGCCTACCAGAACCCACGAAAGCTGGGACA
ASV_7650,CACCACGGTCATACGATTGACCCGAATTAATAGAACTACGGCGTAAAGCGTGTTAAAGAACCATACAAGATAAAGTTAAACCTTAATTAAGCTGTAAAAAGCCATAATTAAAACAAAAATAAATTATGAAAGTGACTTTAATATAATCTGATTACACGATAGTCTAAGACC
ASV_7712,CACCGCGGTCATACGATTAACCCAAACTAACGTGCTCACGGCGTAAAGCGTGTAAAAGATCTACCTACACTAAAGTTAAAATTTAACCAAGCCGTAAAAAGCTGCCGTTAATACAAAATATACTACGAAAGTGACTTTAATAATTCTGATTACACGATAGCTAAGACC
ASV_7904,TTCTTTCCCACTCTTTCCCTCCCCCGCGGTTCTCCGAGAGACCCTAGTTGATTGAAGCGGCGTAAAGAGTGGTTATGGAGTTTTCCCCTTTAAAGCAGAAAACCTCTCAAACTGTTATACGCACCCAGAGGTTGAAATCCCTCACACGAAAGTGACTTTATATTCGCCTACCAGAACCCACGAAAGCTGGGACA
ASV_7936,CACCGCGGTCAAACGAGCTAGTGCCCGAGCAGATAACTAACGGCGTAAAGAGTGGTTAGGGAAACCCAAAACTAAAGCTGAACGCCCGCAGGGCTGTGATACGCATCCGACGGTACGAAACCCCACCACGAAGGTGGCTTTAACCTAACCCGAACCCACGACAGCTAGGGCA
ASV_7996,CACCGCGGTCATACGAGTGTTAGCCCAAGCAGATGGTCAACGGCGTAAAGAGTGGTTAGGGAAACCCAAAACTAAAGCTGAACGCCCGCAGGGCTGTGATACGCATCCGACGGTACGAAACCCCACCACGAAAGTGACTTTAACCAACCCGAACCCACGATAGCCAGGATA
ASV_8177,CACCGCGGTTATACGAGAGACCCTAGTTGATTTAATCGGCGTAAAGAGTGGTTATGGAGAATAAGAAACTAAAGCCGAAGACCTCTTAGGCCGTCATACGTACCTAGAGGCTCGAATAACAAACACGAAAGTAGCTTTACCCCTTCCTGCCAGAACCCACGAAAGCTGGGACA
ASV_8188,CACCGCGGTTATACGAGAGGCCCAAGTTGACAGACACCGGCGTAAAGCGTGGTTAAGGTATACCAAAACTAAAGCCGAACGCCTTCAGAACTGTCATACGTCTTCGAAGGTATGAAGCCCAACCACGAAAGTGGCTTTATCTCTCCTGAACCCACGAAAGCTAAGAAA
ASV_8235,CACCGCGGTCATACGAGTGTTAGCCCAAGCAGATGGTCAACGGCGTAAAGAGCGGTTAGGGAACCCTGAAACTAAAGCTGAACGCCCGCAGTGCCGTTATACGCATCCGACAGCATGAAACCCCACCACGAAAGTGGCTTTAACCTGACCCGAACCCACGACAGCTAAGACA
ASV_8239,CACCGCGGTCCTCCTCGTGTTAGCCCAAGCAGATGGTCAACGGCGTAAAGAGTGGTTAGGGAACCCTGAAACTAAAGCTGAACGCCCGCAGGGCCGTTATACGCATCCGACAGCATGAAACCCCACCACGAAAGTGGCTTTAACCTGACCCGAACCCACGACAGCTAAGACA
ASV_8369,CACCGCGGTTATACGAGAGGCTCAAGTTGATAGACAGCGGCGTAAAGAGTGGTTAGGGAACCCTGAAACTAAAGCTGAACGCCTGCAGGGCCGTTATACGCATCCGACAGCATGAAACCCCACCACGAAAGTGGCTTTAACCTGACCCGAACCCACGACAGCTAAGACA
ASV_8579,CACCGCGGTTATACGAGAGACCCTAGTTGATTGAAGCGGCGTAAAGAGTGGTTATGGAGTTTTTCCCCTTAAAGCAGAAAACCTCTCAAACTGTTATACGCACCCAGAGGTTGAAATCCCTCACACGAAAGTGACTTTATATTCGCCTACCAGAACCCACGAAAGCTGGGACA
ASV_8725,CACCGCGGTTATACGAGGGGCTCAAGTTGATAGACAGCGGCGTAAAGAGTGGTTAGGAAAAACACAAACTAAAGTCGAACGCTTCCATAGCTGTTATACGCACCCGAAAATATGAAGCCCAACTACGAAAGTAACTTTAAAATACCTGAATCCACGAAAGCGAGGGAA
ASV_8986,CACCGCGGTTCTCCTAGAGACCCTAGTTGATTGAAGCGGCGTAAAGAGTGGTTATGGAGTTTTCCCCTTTAAAGCAGAAAACCTCTCAAACTGTTATACGCACCCAGAGGTTGAAATCCCTCACACGAAAGTGACTTTATATTCGCCTACCAGAACCCACGAAAGCTGGGACA
ASV_8989,CACCGCGGTCATACGAGTGTAAGCCCAAGTGGATGGTCAACGGCGTAAAGAGTGGTTAGGGAACCCTGAAACTAAAGCTGAACGCCCGCAGGGCCGTTATACGCATCCGACAGCATGAAACCCCACCACGAAAGTGGCTTTAACCTGACCCGAACCCACGACAGCTAAGACA
ASV_9182,CACCGCGGTTATACGAGAGACCCTAGTTGATTGAAGCGGCGTAAAGAGTGGTTATGGAGTTTTCCCCTTTAAAGCAGAAAACCTCTCAAACTGTTATACGCACCCAGAGGTTGAAATCCCTCACACGAAAGTGGCTTTACCCCTCCCTGAACCCACGACAGCTATGATA
ASV_9248,TTCTGTCCCCCTCGTGCCCGCCCCCGCGGTTCTACGAGAGGCCCAAGTTGACACCCACCGGCGTAAAGAGTGGTTATGGAAACACTATACTAAAGCCGAACACCCTCTAGGCTGTCATACGCACCTGAGGCTACGAAGCTCCCCCACGAAAGTGGCTTTATTCCTCCCTGAACCCACGACAGCTATGATA
ASV_9283,CACCGCGGTCCCCCTCGCTAGTGCCCGAGCAGATAACTAACGGCGTAAAGAGTGGTTAGGGAAACCCAAAACTAAAGCTGAACGCCCGCAGGGCTGTGATACGCATCCGACGGTACGAAACCCCACCACGAAAGTGACTTTAACCAACCCGAACCCACGATAGCCAGGATA
ASV_9376,CACCGCGGTTCTCCTCGAGGCCCAAGTTGACAACCACCGGCGTAAAGAGTGGTTATGGAAACACTATACTAAAGCCGAACACCCTCTAGGCTGTCATACGCACCTGAGGCTACGAAGCTCCCCCACGAAAGTGGCTTTATTCCTCCCTGAACCCACGACAGCTATGATA
ASV_9382,CACCGCGGTTATACGAGAGACCCTAGTTTATTGAAGCGGCGTAAAGAGTGGTTATGGAGTTTTCCCCTTTAAAGCAGAAAACCTCTCAAACTGCTATACGCACCCAGATGTTGAAATCCCTCACACGAAAGTGACTTTATATTCGCCTACCAGAACCCACGAAAGCTGGGACA
ASV_9477,CACCGCGGCTATACGAGAGACCCAAGTTGATACCATTCGGCGTAAAGAGTGGTTATGGAAAATAAAGACTAAAGCCGCACACCTTCAAAGCTGTTATACGCATCCGAAGGCTAGAAGATCAACCACGAAGGTAGCTTTACAACCCCTGACCCCACGAAAGCTAAGGTAG
ASV_9958,CACCGCGGCCATACGAGTGTTAGCCCAAGTGGACGGTCAACGGCGTAAAGGGTGGTTAGGGAACCCTAAAACTAAAGCTGAACGCCCGCAGGGCTGTGATACGCATCCGACGGTACGAAACCCCACCACGAAAGTGACTTTAACCAACCCGAACCCACGATAGCCAGGATA
ASV_10096,CACCGCGGTTATACGAGAGGCCCAAGTTGACAACCACCGGCGTAAAGAGTGGTTATGGAAACACTATACTAAAGCCGAACACCCTCTAGGCTGTCATACGCACCTGAGGCTACGAAGCTCCCCCACGAAAGTGGCTTTATTCCTCCCTGAACCCACGACAGCTAGGGCA
ASV_10099,CACCGCGGTTATACGAGGGGCCCAAGCTGACAGACACCGGCGTAAAGAGTGGTTAAGGATTAACCCCACTAAAGTCAAACATCCCCTATGCTGTTATACGCCTCCGGGGACAGGATGCCCCACCACGAAAGTGACTTTAATTAATCTCCCGAACCCACGACAGCTATGAAA
ASV_10754,CACCGCGGTTATACGAGAGACCCTAGTTGATTGAAGCGGCGTAAAGAGTGGTTATGGAGTTTTCCCCTTTAAAGCAGAAAACCTCTCAAACTGTTATACGCATCCGAAGACTAGAAGATCAACCACGAAAGTAGCTTTACAACCCCTGACCCCACGAAAGCTCTGGCA
ASV_11113,CACCGCGGCCATACGAGTGTTAGCCCAAGTGGACGGTCAACGGCGTAAAGGGTGGTTAGGGAAACCCAAAACTAAAGCTGAACGCCCGCAGGGCTGTGATACGCATCCGACGGTACGAAACCCCACCACGAAAGTGACTTTAACCAACCCGAACCCACGATAGCCAGGATA
ASV_11575,CACCGCGGTCATACGAGTGTTAGCCCAAGTGAATGGTCAACGGCGTAAAGAGTGGTTAGGGATTCCCAGAACTAAAGCTGAACGCCCACAGGGCCGTTATACGCATCCGAGAGCATGAAACCCCGCCACGAAGGTGGCTTTAACCTAACCCGAACCCACGACAGCTAGGGCA
ASV_12818,CACCGCGGTTATACGAGAGACTCTAGTTGATTGAAGCGGCGTAAAGAGTGGTTATGGAGTTTTTCCCTTTAAAGCAGAAAACCTCTCAAACTGTTATACGCACCCAGAGGTTGAAATCCCTCACACGAAAGTGACTTTATATTCGCCTACCAGAACCCACGAAAGCTGGGACA
ASV_13140,CACCGCGGCTATACGAGAGAACCAAGTTGATACCATTCGGCGTAAAGAGTGGTTATGGAAAATAAAGACTAAAGCCGCACACCTTCAAAGCTGTTATACGCATCCGAAGGCTAGAAGATCAACCACGAAGGTAGCCTTACAACCCCTGACCCCACGAAAGCTCCGGCA
ASV_13471,CACTGCGATCATACGATTGATCCAAATTAATAGCAATACGGCATAAGCGTGATAAAGAATAATACAAAATAAAGTTAAACCTTGATTAAGCTGTAAAGAGCCCTAACTAAAGTAAAAATAGACTACGAAAGTGACTTTAACATACCCTGATTACATGATAGCTAAGACC
ASV_13504,CACCGCGGTCATACGAGTGTTAGCCCGAGTGGATGGTCAACGGCGTAAAGAGTGGTTAGGGATTCCCAGAACTAAAGCTGAACGCCCACAGGGCCGTTATACGCATCCGAGAGCATGAAACCCCGCCACGAAGGTGGCTTTAACCTAACCCGAACCCACGACAGCTAGGGCA
ASV_13507,CACCGCGGCTATACGGGAGACCCAAGTTGATACCATTCGGCGTAAAGAGTGGTTATGGAAAATAAAGACTAAAGCCGCACACCTTCAAAGCTGTTATACGCATCCGAAGGCTAGAAGATCAACCACGAAGGTAGCTTTATAACCCCTGACCCCACGAAAGCTCCGGCA
ASV_13832,CACCGCGGTTATACGAGAGGCCCAAGTTGACAACCACCGGCGTAAAGAGTGGTTATGGAAACACTATACTAAAGCCGAACACCCTCTAGGCTGTCATACGCACCTGAGGCTACGAAGCTCCCCCACGAAAGTGGCTTTAAATTTTCCGAACCCACGAAAGCTATGGTA
ASV_13840,CACCGCGGTCATACGATTGACCCAAGCTAATAGGCATACGGCGTAAGGAGTGTTAAAGAGTTATACAAAATAAAGTCAAGCCTTGACTAAACCGTAAAAAGCCATAGTTAAAATTAAGCTAAACCACGAAAGTGACTTTAATACAATCTACTGCACGACAACTAAGACC
ASV_14251,CACCACGGTCATACGATTGACCCAAGTTAATAGAAATACGGCGTAAAGCGTGTTAAAGAGTAATACAAAATAAAGTTAAATCTTAATTTAGCTATAAAAAGCCATAATTAAAGTAAAAGTTGACTACGAAAGTGACTTTAGCATATCCTGATTACACGACAGCTAAGGC
ASV_14756,CACCGCGGCTATACGAGAGAACCAAGTTGATACCACTCGGCGTAAAGAGTGGTTATGGAAAATAAAGACTAAAGCCGCACACCTTCAAAGCTGTTATACGCATCCGAAGGCTAGAAGATCAACCACGAAGGTAGCTTTACAACCCCTGACCCCACGAAAGCTCTGGCA
ASV_15230,CACCGCGGGTCTCTGAGAGACCCTAGTTGATTGAAGCGGCGTAAAGAGTGGTTATGGAGTTTTCCCCTTTAAAGCAGAAAACCTCTCAAACTGTTATACGCACCCAGAGGTTGAAATCCCTCACACGAAAGTGACTTTATATTCGCCTACCAGAACCCACGAAAGCTGGGACA
ASV_16007,AGACGCGGTCATACAATTACTTTAGTCTAATATAAAACGGCGTAAAGAGTAAATTTTTCTTTCTTTAATCTCTAAAACTAAACCAATTTACTATAGTTAAATATGTAAATTTTTCAAACACCAACTAAAGCAGTTTTAAGAAAAAGCCTATAACTTTACGAAAGTTAGGACT
ASV_17285,TTCTTTCCTACTCTTTCCCTCCCCCGCGGTTCTCCGAGAGGCCCAAGTTGATGACCACCGGCGTAAAGAGTGGTTACGGAAGCACTTCACTAAAGCCGAACAACCTCTTGGCTGTCATACGCACCTGAGGCTACGAAGATCCCCCACGAAAGTGGCTTTACCCCTCCCTGAACCCACGACAGCTATGATA
ASV_17604,CACTGCGGTCATACGATTAACCCAAATCAATAGAAATTCAGCATAAATCATGTTAAAGAGTGATATAAAATGAAGTTAAATTTTAATTAAGCCAAAGAAAGCCATAACCAAAATAAAAATAGACTACGAAAGTGACTTTAGTATTTCCTGATTACAAGACAGCTAAGACC
ASV_20184,CACCGCGGTTATACGAGAGGCTCAAGTTGATAGACAACGGCGTAAAGAGTGGTTAGGAAAAACACAAACTAAAGTCGAACGCTTCCATAGCTGTTATACGCACCCGAAAATATGAAGCCCAACTACGAAAGTAACTTTAAAATACCTGAATCCACGAAAGCGAGGGAA
ASV_22205,TTCTTTCCCACTCTTTCCCTCCCCCGCGGTTCTCCGAGAGACCCTAGTTGATTGAAGCGGCGTAAAGAGTGGTTATGGAGTTTTCCCCTTTAAAGCAGAAAACCTCTCAAACTGTTATACGCACCCAGAGGTTGAAATCCCTCACACGAAAGTGACTTTATATTCACCTACCAGAACCCACGAAAGCTGGGACA
ASV_22946,CACCGCGGCTATACGAGAGAACCAAGTTGATACCACTCGGCGTAAAGAGTGGTTATGGAAAATAAAGACTAAAGCCGCACACCTTCAAAGCTGTTATACGCATCCGAAGGCTAGAAGATCAACCACGAAGGTAGCCTTACAACCCCTGACCCCACGAAAGCTCCGGCA
ASV_26406,TTCTGTCCCCCTCGTGCCCGCCCCCGCGGTTCTACGAGAGACCCTAGTTGATTGAAGCGGCGTAAAGAGTGGTTATGGAGTTTTCCCCTTTAAAGCAGAAAACCTCTCAAACTGTTATACGCACCCAGAGGTTGAAACCCCTCACACGAAAGTGACTTTATATTCGCCTACCAGAACCCACGAAAGCTGGGACA
ASV_28584,CACCGCGGTTCTCCGAGAGACCCTCGTTGATTGCAGCGGCGTAAAGAGTGGTTATGGAGTTTTCCCCTTTAAAGCAGAAAACCTCTCAAACTGTTATACGCACCCAGAGGTTGAAATCCCTCACACGAAAGTGGCTTTATATTCGCCTACCAGAACCCACGAAAGCTGGGACA
ASV_32048,TTCTGTCCCCCTCGTGCCCGCCCCCGCGGTTCTACGAGAGACCCTAGTTGATTGAAGCGGCGTAAAGAGTGGTTATGGAGTTTTCCCCTTTAAAGCAGAAAACCTCTCAAACTGTTATACGCACCCAGAGGCTGAAATCCCTCACACGAAAGTGACTTTATATTCGCCTACCAGAACCCACGAAAGCTGGGACA
ASV_33833,CACCGCGGTTATACGAGAGGCCCAAGTTGATGACCACCGGCGTAAAGAGTGGTTAGGAAAAACACAAACTAAAGTCGAACGCTTCCATAGCTGTTATACGCACCCGAAAATATGAAGCCCAACTACGAAAGTAACTTTAAAATACCTGAACCCACGACAGCTATGATA
ASV_33875,CACCGCGGCTATACGAGAGACCCAAGTTGATACCATTCGGCGTAAAGAGTGGTTACGGAAGCACTTCACTAAAGCCGAACAACCTCTTGGCTGTCATACGCACCTGAGGCTACGAAGATCCCCCACGAAAGTGGCTTTACCCCTCCCTGAACCCACGACAGCTAAGACA
ASV_33876,CACCGCGGTTATACGAGAGGCCCAAGTTGACAGCCACCGGCGTAAAGAGTGGTTATGGAAACACTATACTAAAGCCGAACACCCTCTAGGCTGTCATACGCACCTGAGGCTACGAAGCTCCCCCACGAAAGTGGCTTTACTCCTCCCTGAACCCACGACAGCTATAATA
ASV_33890,CACCGCGGTTATACGAGAGGCCCAAGTTGACAACCACCGGCGTAAAGAGTGGTTATGGAGTTTTCCCCTTTAAAGCAGAAAACCTCTCAAACTGTTATACGCACCCAGAGGTTGAAATCCCTCACACGAAAGTGACTTTATATTCGCCTACCAGAACCCACGACAGCTATGATA
ASV_33896,CACCGCGGTTATACGAGAGACCCTAGTTGATTGAAGCGGCGTAAAGAGTGGTTACGGAAGCACTTCACTAAAGCCGAACAACCTCTTGGCTGTCATACGCACCTGAGGCTACGAAGATCCCCCACGAAAGTGGCTTTACCCCTCCCTGAACCCACGACAGCTATGATACAAACTGGGATTAGATCTATG
ASV_33904,CACCGCGGTTATACGAGAGACCCTAGTTGACTGAAACGGCGTAAAGAGTGGTTATGGAGTTTTCCCCTTTAAAGCAGAAAACCTCTCAAACTGTTATACGCACCCAGAGGTTGAAATCCCTCACACGAAAGTGACTTTATATTTGCCTACCAGAACCCACGAAAGCTGGGACA
